date,rf,mkt_rf,smb,hml,mom
2015-07-01,0.00000317,0.01508073,-0.00142741,0.00106207,0.00089033
2015-07-02,0.00000161,-0.00659614,-0.00028933,0.00295653,0.00549404
2015-07-05,0.00000984,-0.00440929,-0.00420588,0.00616295,0.00880037
2015-07-06,0.00000328,0.00053315,-0.00782883,0.00735265,0.00763743
2015-07-07,0.00000328,0.00037550,0.00023955,0.00383149,-0.00098943
2015-07-08,0.00000328,-0.00947782,0.00070686,0.00222354,0.00991998
2015-07-09,0.00000328,0.00879958,-0.00414384,-0.00137651,0.00238482
2015-07-12,0.00000674,0.00336596,0.00019202,0.00457264,-0.00633371
2015-07-13,0.00000349,0.01081703,0.00305526,0.00423158,-0.00988265
2015-07-14,0.00000118,0.00070439,0.00608544,-0.00287466,-0.00206941
2015-07-15,0.00000238,0.00230675,0.00682754,-0.00171175,-0.00928747
2015-07-16,0.00000241,0.00728967,0.00232847,-0.00091984,-0.01668204
2015-07-19,0.00001098,0.00757172,-0.00056233,-0.00193609,-0.00143861
2015-07-20,0.00000380,0.00494229,0.00440885,0.00484297,-0.00944439
2015-07-21,0.00000128,-0.00315810,-0.00305921,-0.00433843,0.00451504
2015-07-22,0.00000260,-0.00665712,0.00296230,-0.00411748,0.00471347
2015-07-23,0.00000395,0.00142735,-0.00380465,0.00272261,0.00592129
2015-07-27,0.00001600,-0.00183955,0.00288164,-0.00242156,0.00348986
2015-07-28,0.00000282,0.00484108,-0.00022349,0.00550678,-0.00199561
2015-07-29,0.00000143,0.00228957,0.00060568,-0.00553608,-0.00294357
2015-07-30,0.00000290,-0.00049779,-0.00328179,0.00318096,0.00589184
2015-08-02,0.00001324,0.00075778,0.00186538,0.00700086,0.00040061
2015-08-03,0.00000462,0.00098519,-0.00222310,0.00100894,0.00594833
2015-08-04,0.00000156,-0.00440645,0.00075968,-0.00335150,0.01569070
2015-08-05,0.00000317,0.00562729,-0.00585840,0.00245874,0.01415575
2015-08-06,0.00000323,-0.00327872,0.00024316,-0.00243050,0.00075003
2015-08-09,0.00000583,-0.00213831,0.00008021,0.00334449,-0.00103811
2015-08-10,0.00000233,0.01034032,0.00459390,0.00767212,-0.00624075
2015-08-11,0.00000235,-0.00241752,0.01358307,0.00579211,-0.00126835
2015-08-12,0.00000357,-0.00492544,-0.00226678,0.00139449,-0.00964738
2015-08-13,0.00000362,0.00869449,0.01116538,-0.00268212,-0.01007419
2015-08-16,0.00000732,0.00760626,0.01181752,-0.00123922,0.00331626
2015-08-17,0.00000253,0.00092531,0.01410667,0.00062021,-0.00188303
2015-08-18,0.00000385,0.00287324,0.01098393,-0.00038018,-0.00230968
2015-08-19,0.00000260,-0.00592085,-0.00203656,-0.00190797,0.00581876
2015-08-20,0.00000263,-0.01224363,-0.00995104,0.00579171,0.00561844
2015-08-23,0.00000800,-0.04225860,-0.01585560,-0.00353041,0.00563196
2015-08-24,0.00000278,-0.04187273,-0.00914977,0.00276235,0.00916803
2015-08-25,0.00000282,0.03216690,0.01781640,-0.00812848,-0.00132610
2015-08-26,0.00000286,-0.00766246,0.01375350,-0.00389560,-0.00118918
2015-08-27,0.00000290,0.00555991,0.00286223,0.00807315,0.01442085
2015-08-30,0.00000441,0.00788381,0.01344629,-0.00013415,-0.01437587
2015-08-31,0.00000154,-0.01733836,-0.00011972,0.01661304,0.02114299
2015-09-01,0.00000156,-0.00959001,0.00347546,0.00639175,-0.00906389
2015-09-02,0.00000317,0.01578413,-0.00434102,-0.00839836,-0.00538824
2015-09-03,0.00000323,0.00488597,0.00806844,0.00064357,0.00336058
2015-09-06,0.00000414,-0.00019512,-0.00569756,0.00331402,-0.00115387
2015-09-07,0.00000116,-0.00355313,-0.00322584,0.00326779,-0.00141890
2015-09-08,0.00000235,0.00793193,0.00186026,0.00405453,0.00170482
2015-09-09,0.00000238,-0.00340339,0.01517698,0.00369959,0.00790213
2015-09-10,0.00000241,-0.00244783,-0.01578062,0.00362389,-0.00178333
2015-09-16,0.00001464,-0.00273918,0.00257458,0.00697203,0.00995303
2015-09-17,0.00000263,-0.00081351,0.00483602,-0.01120733,-0.00055833
2015-09-20,0.00000400,-0.01217566,0.00546753,-0.00366495,0.00208872
2015-09-21,0.00000278,0.00380035,0.00451565,-0.00453166,0.00147284
2015-09-24,0.00000435,-0.03321151,-0.00186281,0.00785318,0.00110057
2015-09-29,0.00001471,-0.01901483,-0.00909984,0.01055960,-0.00435496
2015-09-30,0.00000159,-0.00098336,0.00581835,0.00466640,0.00874004
2015-10-01,0.00000161,-0.00236811,-0.00482509,0.00037927,0.01652367
2015-10-06,0.00000820,0.01814622,0.00393605,0.00695648,-0.00104285
2015-10-07,0.00000164,0.01310337,-0.00514932,-0.00186882,-0.01298582
2015-10-08,0.00000164,-0.00874597,0.01527673,-0.00616165,-0.00086630
2015-10-11,0.00000674,-0.00188385,-0.00413485,-0.00688787,0.00414474
2015-10-12,0.00000233,-0.00062306,0.00603696,-0.00377449,-0.01206238
2015-10-13,0.00000235,-0.01264544,0.00719019,-0.00743945,-0.00467943
2015-10-14,0.00000238,0.00790495,-0.00993134,0.00774307,-0.00337697
2015-10-15,0.00000241,0.01097914,-0.00313753,-0.00914214,-0.00417164
2015-10-18,0.00000732,0.01117854,-0.00002826,0.00007954,0.00144152
2015-10-19,0.00000380,-0.00404610,0.00042359,-0.00320324,0.00174963
2015-10-20,0.00000256,0.00322008,-0.00144148,-0.00318782,-0.00565245
2015-10-21,0.00000260,0.00623406,-0.00820988,-0.00001276,-0.01711479
2015-10-22,0.00000132,-0.00470482,-0.00299549,0.00336026,0.00344872
2015-10-25,0.00000800,0.01468478,-0.00080268,-0.00108887,-0.00009913
2015-10-26,0.00000278,-0.00247360,-0.00039784,-0.00394352,0.00407923
2015-10-27,0.00000282,-0.00353577,0.00328258,0.00673351,0.00587272
2015-10-28,0.00000286,0.00087194,-0.00879584,-0.00779367,0.01991545
2015-10-29,0.00000290,0.00053047,0.00525164,-0.01006943,0.00730213
2015-11-01,0.00000882,0.00056016,-0.00303169,-0.00564846,-0.00184927
2015-11-02,0.00000308,0.00072295,0.00257349,-0.01680933,-0.00058272
2015-11-03,0.00000156,0.00270566,-0.00202914,0.00208871,-0.00530295
2015-11-04,0.00000317,0.00141913,0.00930705,-0.00210055,-0.00377972
2015-11-05,0.00000323,-0.00335998,0.00476589,-0.00316302,0.00614638
2015-11-08,0.00000998,-0.00863652,0.00927451,-0.00634435,0.00025914
2015-11-09,0.00000349,-0.00250988,-0.00288305,0.00665896,-0.00060076
2015-11-10,0.00000353,0.00138978,-0.00179710,0.00237143,0.01010114
2015-11-11,0.00000238,0.00713279,-0.00412902,0.00194811,0.00994457
2015-11-12,0.00000362,-0.00543448,-0.00226224,0.00196770,0.01329439
2015-11-15,0.00001098,-0.02381382,0.00691137,0.00520579,0.00930037
2015-11-16,0.00000380,0.01805290,-0.00249819,-0.00141324,-0.00698500
2015-11-17,0.00000385,0.00607656,0.00796751,-0.00441946,0.00047569
2015-11-18,0.00000390,0.00456991,0.00013414,0.00033165,0.00295337
2015-11-19,0.00000395,-0.00012574,0.00084786,-0.00677475,0.00561658
2015-11-22,0.00001200,-0.00166870,-0.00019142,-0.00173586,0.00926511
2015-11-23,0.00000417,-0.00291501,0.00680247,-0.00201952,0.00104358
2015-11-24,0.00000423,-0.00886216,0.00045119,-0.00159859,0.00309358
2015-11-25,0.00000429,0.00324420,0.00835578,-0.00978429,0.00308271
2015-11-26,0.00000435,0.00033549,0.00332867,-0.00804285,0.00563084
2015-11-29,0.00001324,-0.00125408,0.00183403,0.00673984,-0.00100899
2015-11-30,0.00000462,0.00081493,-0.00147157,0.00658670,-0.00595491
2015-12-01,0.00000313,0.00749548,-0.00175107,0.00081900,0.00032825
2015-12-02,0.00000476,0.00324865,-0.00659103,-0.00697647,0.00038824
2015-12-03,0.00000484,-0.00853788,0.00531641,0.00128299,-0.00015955
2015-12-06,0.00000836,0.00056066,0.00082787,0.00761606,0.00760031
2015-12-07,0.00000465,-0.00624708,0.00198345,0.00009666,0.00378294
2015-12-08,0.00000235,-0.00988296,-0.00378965,0.00460798,0.00289484
2015-12-09,0.00000357,-0.00313138,-0.00075418,0.00177016,0.01017721
2015-12-10,0.00000362,-0.00571732,-0.00196337,0.00360161,0.00037469
2015-12-13,0.00000732,-0.02268915,0.00823183,0.00683335,0.00975831
2015-12-14,0.00000380,-0.00647060,0.00239595,-0.00011793,0.01364213
2015-12-15,0.00000385,0.01391368,-0.00670877,-0.00788363,-0.00605142
2015-12-16,0.00000260,-0.00560459,0.01135563,-0.00029951,0.00045551
2015-12-17,0.00000395,0.01271338,-0.00568216,0.00429125,0.00247481
2015-12-20,0.00000800,-0.01222067,0.00577932,-0.00230316,-0.00632631
2015-12-21,0.00000417,0.00062785,0.01001765,0.00729171,-0.00003628
2015-12-22,0.00000282,-0.00802921,0.00849554,-0.00090293,0.00876941
2015-12-23,0.00000286,0.00370712,-0.00536576,-0.00242321,-0.00493706
2015-12-24,0.00000145,0.01188908,-0.01246851,-0.00398710,-0.00760980
2015-12-27,0.00000882,0.01211275,-0.00476722,0.00390486,-0.00383394
2015-12-28,0.00000462,-0.00349301,-0.00373956,-0.00128740,0.00146067
2015-12-29,0.00000156,0.00249340,-0.00059558,-0.00079443,-0.00255573
2015-12-30,0.00000159,-0.00433090,0.00062904,0.00092014,0.00904493
2015-12-31,0.00000161,0.00080784,-0.00264184,0.00333843,0.00224721
2016-01-03,0.00000984,0.01296235,0.00388164,0.00032382,-0.00684908
2016-01-04,0.00000328,-0.01055277,-0.00024503,0.00046728,0.00520090
2016-01-05,0.00000328,0.00510747,0.00709826,0.00341596,-0.00764062
2016-01-06,0.00000328,-0.00729657,0.00345952,-0.00451591,0.00799072
2016-01-07,0.00000328,-0.02044308,0.00736793,0.00720168,0.01657362
2016-01-10,0.00000337,-0.00500065,-0.00220554,0.00696422,0.00441181
2016-01-11,0.00000349,0.00505014,0.00258270,0.00725849,0.00546300
2016-01-12,0.00000353,0.00413979,-0.00681337,-0.00451543,0.00891239
2016-01-13,0.00000238,-0.00535011,0.00050898,-0.00584455,0.00950354
2016-01-14,0.00000241,-0.02923046,-0.00662583,0.00459194,0.00470660
2016-01-17,0.00000366,-0.00512187,0.00085522,0.00706875,-0.01664579
2016-01-18,0.00000380,0.00408054,-0.00659806,0.00129870,-0.01169339
2016-01-19,0.00000256,0.00780319,-0.00211119,-0.00562695,-0.00646536
2016-01-20,0.00000130,-0.02197478,-0.00556897,0.01119611,0.01553287
2016-01-21,0.00000263,0.00675529,0.00379877,-0.00646870,-0.00132748
2016-01-24,0.00000800,0.01657838,0.00597464,-0.00585631,0.00040866
2016-01-25,0.00000278,-0.00713879,0.00380018,0.00069405,0.00361317
2016-01-26,0.00000282,-0.00001386,-0.00602727,-0.00302186,0.00763766
2016-01-27,0.00000286,-0.00092824,0.00535501,-0.00281815,0.00905911
2016-01-28,0.00000145,0.00312733,0.00040369,-0.00792393,0.00004562
2016-01-31,0.00000882,0.01842242,-0.00114785,-0.01010675,-0.00556233
2016-02-01,0.00000154,-0.00740534,-0.00061398,0.00432665,0.00777286
2016-02-02,0.00000000,-0.00794742,0.00938774,-0.00142944,0.01012453
2016-02-03,0.00000317,-0.00612526,0.00058825,0.00236152,-0.00084858
2016-02-04,0.00000161,0.00720600,-0.00514062,-0.00782727,-0.00755951
2016-02-07,0.00000337,-0.00993900,0.00119780,0.00208368,-0.00055784
2016-02-08,0.00000233,-0.01216907,-0.00167497,-0.00249631,0.00620724
2016-02-09,0.00000235,-0.00487980,-0.00724363,-0.00112772,-0.00057182
2016-02-10,0.00000238,0.00233167,-0.00091963,0.00211574,0.00604342
2016-02-11,0.00000241,-0.03416597,-0.00892145,0.00435494,0.00671127
2016-02-14,0.00000732,0.01394337,0.00374549,0.00301725,-0.00154511
2016-02-15,0.00000253,0.00922564,0.01074686,0.00957232,0.00434497
2016-02-16,0.00000256,0.00103054,0.01033366,0.00067419,0.00742968
2016-02-17,0.00000260,0.01544326,0.00861759,0.00097054,0.00769653
2016-02-18,0.00000263,-0.00083017,0.00019048,-0.00427407,-0.00403968
2016-02-21,0.00000400,0.00069909,-0.00269936,0.00559289,0.00224820
2016-02-22,0.00000278,0.00947209,-0.00505373,0.00077434,-0.00146041
2016-02-23,0.00000000,-0.00276098,-0.00078668,0.00588815,-0.00034637
2016-02-24,0.00000000,-0.00857843,-0.00293851,-0.00135573,0.00122597
2016-02-25,0.00000145,0.00419389,0.00032582,-0.00379937,0.00532225
2016-02-28,0.00000882,0.00972308,-0.00310288,-0.00048658,-0.00314567
2016-02-29,0.00000308,-0.00006038,0.00010806,-0.00165269,0.00146915
2016-03-01,0.00000156,0.00328217,0.00360237,0.00854292,-0.00508500
2016-03-02,0.00000317,0.00508692,0.01015207,-0.00213198,-0.00828553
2016-03-03,0.00000161,0.00089852,0.01053069,0.00007787,-0.00325143
2016-03-06,0.00000984,0.00755541,0.00318449,-0.00687207,-0.01194242
2016-03-07,0.00000328,-0.00186981,0.00734293,-0.00557431,0.00115283
2016-03-08,0.00000328,0.00154393,-0.00124905,0.00243300,-0.00798744
2016-03-09,0.00000328,0.00384279,-0.00240473,0.00163895,0.00459721
2016-03-10,0.00000328,0.00947382,-0.00367593,0.00599460,-0.00720147
2016-03-13,0.00000337,0.00681622,0.00046325,0.00230240,-0.00513776
2016-03-14,0.00000349,-0.00387537,-0.01377117,-0.00172890,-0.00508718
2016-03-15,0.00000118,-0.00496042,0.00491574,0.00184772,0.01247199
2016-03-16,0.00000238,0.00656790,0.00170051,-0.00226879,0.00668897
2016-03-17,0.00000241,-0.00538121,-0.01206931,0.00620892,-0.00362354
2016-03-20,0.00000732,0.00605105,0.00811947,0.00322397,0.00190812
2016-03-21,0.00000253,0.00051347,0.00088356,0.00569566,-0.00192504
2016-03-22,0.00000256,0.00154021,-0.00065237,0.00285187,-0.00069391
2016-03-23,0.00000390,-0.00113185,0.00146621,-0.00611305,0.00322170
2016-03-27,0.00001067,-0.00711831,0.00302968,0.00923725,0.00841900
2016-03-28,0.00000278,-0.00206519,0.00737383,0.00328294,0.00718531
2016-03-29,0.00000282,-0.00654105,0.00295768,-0.00208175,0.00297903
2016-03-30,0.00000286,0.00372708,0.00753572,-0.00480759,-0.00444563
2016-03-31,0.00000290,-0.00716121,-0.00652940,-0.00194949,-0.00537542
2016-04-03,0.00000882,0.00318312,0.00703195,0.00281012,-0.00025170
2016-04-04,0.00000308,0.00478857,0.00390097,0.00128171,0.00023082
2016-04-05,0.00000156,-0.00818542,0.00333884,0.00200892,0.00628333
2016-04-06,0.00000317,0.00242484,0.00428670,-0.00307850,-0.00317088
2016-04-07,0.00000323,0.00016541,-0.00302680,-0.00575222,-0.00337148
2016-04-10,0.00000998,-0.00493091,0.00266338,0.00145740,0.00753799
2016-04-11,0.00000233,0.00869316,-0.00557852,0.00684747,-0.01141266
2016-04-12,0.00000235,-0.00217216,-0.00073310,0.00890271,0.00232803
2016-04-13,0.00000119,0.01201186,-0.00477925,-0.00647570,-0.00570142
2016-04-14,0.00000362,0.00504905,0.00434766,-0.00642376,-0.00092831
2016-04-17,0.00000732,0.00920813,-0.00315069,0.00271527,-0.00689963
2016-04-18,0.00000380,0.00131565,-0.00290615,0.00035361,0.00549886
2016-04-19,0.00000256,0.00699310,-0.00103207,0.00112862,-0.00498080
2016-04-20,0.00000390,-0.00114497,0.00204078,0.00076347,-0.00155965
2016-04-21,0.00000395,0.00107847,0.00014352,-0.00106220,-0.00768531
2016-04-24,0.00000400,0.00379463,-0.00161897,-0.00203103,-0.00732281
2016-04-25,0.00000417,-0.00698973,0.00404206,0.00390480,0.00581962
2016-04-26,0.00000282,-0.01494854,-0.00206487,0.00469491,0.00520408
2016-04-27,0.00000429,-0.01389099,0.00625622,-0.00297064,0.00422408
2016-05-01,0.00001739,-0.01789391,0.00257231,0.00434504,0.00274844
2016-05-02,0.00000308,0.00608492,-0.00372823,0.00355287,0.00824664
2016-05-03,0.00000156,-0.00467342,0.00562809,0.00316363,0.00732388
2016-05-04,0.00000317,-0.00501726,0.00276290,-0.00088376,0.00043864
2016-05-05,0.00000323,0.00052416,-0.00242761,-0.00316994,-0.00043932
2016-05-08,0.00000583,-0.00585967,-0.00627632,0.00594227,0.00092690
2016-05-09,0.00000349,0.00396745,0.00173401,-0.00563123,-0.00554219
2016-05-10,0.00000353,0.00629736,0.00200184,-0.00049315,0.00058905
2016-05-15,0.00001191,-0.01349696,0.00820554,0.00044333,0.01606835
2016-05-16,0.00000380,0.00040423,-0.00398584,-0.00667669,0.00063674
2016-05-17,0.00000256,0.00076288,0.00411557,-0.00299732,-0.00035924
2016-05-18,0.00000260,0.00751962,-0.00559176,0.00165120,0.00386750
2016-05-19,0.00000263,-0.00703577,0.00377320,-0.00521767,-0.00333205
2016-05-22,0.00000400,0.00710227,0.00115621,-0.00535435,-0.00956675
2016-05-23,0.00000278,0.00524596,-0.00074106,0.00038637,-0.00023071
2016-05-24,0.00000141,0.00977765,-0.00022886,-0.00863375,0.00260519
2016-05-25,0.00000286,0.01000806,-0.00059159,-0.00614871,-0.00247330
2016-05-26,0.00000290,-0.00634289,-0.00528876,-0.00342868,-0.00324032
2016-05-29,0.00000882,0.00311113,0.00002565,-0.00169660,0.00671321
2016-05-30,0.00000462,0.00681763,-0.01077408,0.00870786,0.00794137
2016-05-31,0.00000313,-0.00093411,0.00218165,0.00362462,-0.00274477
2016-06-01,0.00000317,-0.00080373,0.00461426,-0.00359997,0.00119846
2016-06-02,0.00000323,0.00459662,0.00268224,-0.00331472,0.00277924
2016-06-05,0.00000984,-0.00028698,-0.00340984,0.00362171,-0.00103330
2016-06-06,0.00000328,0.00126676,0.00109467,-0.00143338,0.00239081
2016-06-07,0.00000328,0.00257679,0.00032725,-0.00223564,0.00042439
2016-06-08,0.00000328,-0.00392732,-0.00007005,0.00110326,-0.00200957
2016-06-09,0.00000328,-0.00412180,0.00883835,-0.00020396,0.00185628
2016-06-13,0.00000899,-0.01274887,-0.00153045,0.00644236,0.00124545
2016-06-14,0.00000353,-0.00330181,-0.00490281,0.00392205,0.00447732
2016-06-15,0.00000238,0.00530129,0.00029196,-0.00073432,-0.00314043
2016-06-16,0.00000241,-0.00960364,0.00099072,0.02524700,0.00646625
2016-06-19,0.00001098,0.00359577,-0.00589312,0.00312127,-0.00056396
2016-06-20,0.00000253,0.01184598,-0.00691276,0.00514576,-0.00869241
2016-06-21,0.00000128,-0.00135111,0.00188773,-0.00427666,-0.00087617
2016-06-22,0.00000130,0.00393359,-0.00605629,-0.00899351,-0.00361947
2016-06-23,0.00000132,0.00063495,-0.00140870,-0.00469576,-0.00153584
2016-06-26,0.00000400,-0.02997326,0.00050665,-0.00637558,-0.00197136
2016-06-27,0.00000417,-0.00611959,-0.00416612,-0.00204179,0.00023982
2016-06-28,0.00000282,0.00754284,0.00041958,-0.00153349,0.00884747
2016-06-29,0.00000143,0.00582852,-0.00019820,0.00046460,0.00772726
2016-06-30,0.00000290,-0.00046518,0.00884978,0.00212893,0.00742839
2016-07-03,0.00000441,0.01113397,0.00269415,0.00232243,0.00246659
2016-07-04,0.00000308,0.00345193,0.00159763,-0.00020948,0.00159760
2016-07-05,0.00000156,-0.00540834,0.00557731,-0.00570104,-0.00102141
2016-07-06,0.00000317,-0.00452347,0.00131799,-0.00634526,0.00116525
2016-07-07,0.00000323,0.01073663,0.00047966,-0.00691036,-0.00563962
2016-07-10,0.00000984,0.01328223,0.00004440,-0.00432767,0.00316621
2016-07-11,0.00000345,0.00271686,0.00373057,-0.00139350,0.00157257
2016-07-12,0.00000233,0.00716195,-0.00123366,0.00145389,0.00837983
2016-07-13,0.00000235,0.00236922,0.00017665,-0.00140273,-0.00286171
2016-07-14,0.00000119,0.00679720,0.00026612,0.00203802,-0.00107562
2016-07-17,0.00000723,0.00011479,0.00498568,0.00858976,0.00353387
2016-07-18,0.00000375,-0.00001365,-0.00085768,0.00809186,-0.00342165
2016-07-19,0.00000380,0.00212016,0.00573080,0.01164321,-0.00774532
2016-07-20,0.00000385,0.00753897,0.00259911,0.01047145,0.00142469
2016-07-21,0.00000260,-0.00002180,0.00446048,-0.00222544,-0.00035755
2016-07-24,0.00000790,-0.00060877,-0.00192857,0.00143434,-0.00119343
2016-07-25,0.00000411,-0.00013922,0.00135499,0.00061793,-0.00089225
2016-07-26,0.00000278,0.00080021,0.00255093,-0.00232990,-0.00957146
2016-07-27,0.00000282,-0.00159148,0.00524877,-0.00258574,-0.01016600
2016-07-28,0.00000286,-0.00639979,0.00430758,-0.00573419,0.00939218
2016-07-31,0.00001305,0.00568009,-0.00226146,0.00111225,-0.00363922
2016-08-01,0.00000455,0.00241617,-0.00012177,0.00708225,0.00525377
2016-08-02,0.00000154,-0.00915053,0.00339608,-0.00531953,0.00048431
2016-08-03,0.00000469,0.00236379,0.00067970,-0.00072319,0.00519138
2016-08-04,0.00000476,0.00533023,-0.00048834,-0.00728639,0.00145698
2016-08-07,0.00000821,0.01053024,0.00265092,-0.00538651,-0.00354466
2016-08-08,0.00000349,0.00195985,0.00448479,0.00303033,-0.00086180
2016-08-09,0.00000235,0.00241326,0.00253572,0.00425370,0.00552245
2016-08-10,0.00000357,-0.00440699,0.00346274,0.00626759,0.00783030
2016-08-11,0.00000362,0.00406401,-0.00000265,0.00729501,-0.00323580
2016-08-15,0.00001464,0.00330068,0.01047926,-0.00662564,-0.00498211
2016-08-16,0.00000385,-0.00370755,0.00233959,-0.00164350,0.00217512
2016-08-17,0.00000390,-0.00268137,0.00124270,0.00082480,-0.00166569
2016-08-18,0.00000395,0.00087384,-0.00078985,0.00443133,-0.00156815
2016-08-21,0.00001200,0.00292948,0.00495968,0.00134280,0.00209886
2016-08-22,0.00000417,0.00179716,-0.00286299,0.00556888,0.00028761
2016-08-23,0.00000282,0.00278194,0.00204237,0.00632609,-0.00653494
2016-08-24,0.00000286,-0.00151517,0.00189450,0.00453012,0.00113043
2016-08-25,0.00000290,-0.00929696,-0.00068522,0.00097016,0.00284308
2016-08-28,0.00000882,-0.00468703,0.00208945,0.00070173,0.00077505
2016-08-29,0.00000308,-0.00359905,0.00045864,-0.00374246,0.00257313
2016-08-30,0.00000313,0.00339732,0.00505068,-0.00470070,0.00274259
2016-08-31,0.00000317,-0.00331851,0.00688494,-0.00463450,0.00780678
2016-09-01,0.00000161,-0.00441809,0.00284034,-0.00350591,0.00001778
2016-09-04,0.00000984,-0.00215465,-0.00425935,0.00042730,0.01234904
2016-09-05,0.00000328,0.00547889,-0.00222879,0.00489911,-0.00339926
2016-09-06,0.00000328,0.00080764,0.00185322,0.00348298,-0.00424998
2016-09-07,0.00000328,0.00707224,-0.00137609,0.00688605,-0.00506059
2016-09-08,0.00000328,-0.00177892,0.00785045,-0.00571258,-0.00141746
2016-09-11,0.00000674,-0.01893114,0.00253535,-0.00448540,-0.00801955
2016-09-12,0.00000349,0.00220357,-0.00075678,0.00279882,-0.00152442
2016-09-13,0.00000353,-0.00341055,0.00348395,-0.00186963,-0.00351413
2016-09-14,0.00000357,0.00035569,-0.00035923,-0.00014134,-0.00850359
2016-09-15,0.00000241,0.00221462,-0.00270795,0.00078450,0.00428100
2016-09-18,0.00000732,0.00981545,-0.00422229,0.00218841,0.00231288
2016-09-19,0.00000380,0.00197479,0.00042515,0.00660529,-0.00037712
2016-09-20,0.00000256,-0.00561602,0.00174225,0.00116393,-0.00129803
2016-09-21,0.00000390,-0.00121669,-0.00397166,0.00097477,-0.00592879
2016-09-22,0.00000395,0.01664586,0.00254337,0.00365286,-0.00461685
2016-09-25,0.00000800,-0.00021828,0.00462916,-0.00212790,-0.00009066
2016-09-26,0.00000278,-0.00481266,-0.00644970,-0.00857359,0.00232733
2016-09-27,0.00000282,-0.00230607,0.00116435,0.00039918,-0.00342501
2016-09-28,0.00000429,-0.00080822,-0.00151080,0.00328965,-0.00169860
2016-09-29,0.00000290,-0.00743022,-0.00131897,-0.00082564,-0.00160694
2016-10-05,0.00001765,-0.00052059,0.00067357,-0.00240497,-0.00200562
2016-10-06,0.00000161,-0.00215941,0.00676124,0.00258137,-0.00537795
2016-10-09,0.00000836,0.00558772,0.00206460,0.00181772,0.00305309
2016-10-10,0.00000349,0.00462636,0.00074095,0.00293676,-0.00461763
2016-10-13,0.00001085,-0.01883183,-0.00293441,0.00110295,0.00096471
2016-10-18,0.00001220,0.00447561,-0.00516910,0.00280068,0.00124637
2016-10-19,0.00000390,0.00232783,0.00173386,-0.00287828,-0.00164154
2016-10-20,0.00000395,-0.00003433,0.00311397,0.00182059,-0.00072219
2016-10-25,0.00001333,0.00681310,0.00618383,-0.00246654,0.00521612
2016-10-26,0.00000429,-0.00332440,0.00202294,0.00575682,0.00205120
2016-10-27,0.00000435,-0.00318580,-0.00239052,0.00234152,0.00100362
2016-10-30,0.00000441,-0.01292827,-0.00269433,-0.00200175,0.00001738
2016-10-31,0.00000462,-0.00165560,-0.00436654,0.00183839,0.00000339
2016-11-01,0.00000156,-0.00551944,0.00289186,0.00082652,0.00567918
2016-11-02,0.00000159,-0.00645736,-0.00280289,0.00241029,-0.00628271
2016-11-03,0.00000323,-0.00226800,-0.00403449,0.00529199,0.00062187
2016-11-06,0.00000984,0.00033354,-0.00507012,-0.00164881,-0.00510646
2016-11-07,0.00000328,0.01363003,-0.00392007,0.00503839,0.00275207
2016-11-08,0.00000328,-0.00669533,0.00161748,-0.00042501,0.00275022
2016-11-09,0.00000328,0.00860858,-0.00554944,-0.00614089,-0.01569508
2016-11-10,0.00000328,0.00391982,0.00158365,-0.00645688,-0.02158167
2016-11-13,0.00000674,0.00109363,-0.00458594,-0.00312375,-0.01479689
2016-11-14,0.00000349,0.00100767,-0.00193932,0.00259113,0.00210218
2016-11-15,0.00000353,-0.00022267,-0.00638712,0.00487895,0.00780270
2016-11-16,0.00000357,0.00251220,-0.00462281,0.00447217,0.00473468
2016-11-17,0.00000362,0.00053871,0.00118028,-0.00025072,0.00014808
2016-11-20,0.00001464,0.00365018,0.00007778,-0.00919563,0.00094258
2016-11-21,0.00000380,0.00343907,-0.00387074,-0.00231004,0.00273747
2016-11-22,0.00000385,0.00398601,-0.00503648,0.00362319,-0.00315321
2016-11-23,0.00000390,-0.00190520,0.00155908,-0.00184825,0.00823655
2016-11-24,0.00000526,0.00091012,0.00105430,-0.00376252,-0.00473506
2016-11-27,0.00001200,0.00532831,0.00068521,-0.00378027,0.00636209
2016-11-28,0.00000417,-0.00254871,0.00199709,0.00077279,0.01009103
2016-11-29,0.00000423,0.00007949,-0.00271276,0.00697771,0.00220584
2016-11-30,0.00000429,-0.00172589,-0.00111020,-0.00539008,0.00401092
2016-12-01,0.00000435,-0.00129210,0.00126426,0.00926913,0.00606055
2016-12-04,0.00001324,-0.00453118,-0.00227586,0.00361293,0.00020202
2016-12-05,0.00000308,0.01182579,-0.00531599,0.00189147,-0.00509254
2016-12-06,0.00000313,-0.00343671,0.00653744,0.00186202,-0.00626527
2016-12-07,0.00000317,-0.00465432,0.00407066,-0.00393610,-0.00310527
2016-12-08,0.00000323,0.00599895,0.00327587,-0.00303798,-0.00240987
2016-12-11,0.00000829,0.01339202,-0.00060109,-0.01031992,-0.00311343
2016-12-12,0.00000349,-0.00548651,0.00255199,-0.00255854,0.00099948
2016-12-13,0.00000235,0.00715661,-0.00037566,-0.00102279,-0.00474267
2016-12-14,0.00000238,-0.00655876,-0.00120437,-0.00159669,-0.00508444
2016-12-15,0.00000241,-0.00176317,-0.00731304,0.00188060,-0.00612033
2016-12-18,0.00001098,0.00047356,0.00078529,0.00143774,-0.00636912
2016-12-19,0.00000380,0.00323340,0.00269962,-0.00045599,0.00787385
2016-12-20,0.00000385,0.00179967,0.00052894,0.00514021,-0.00266817
2016-12-21,0.00000390,-0.00466471,0.00092421,0.00014651,0.00687934
2016-12-22,0.00000263,0.00115839,-0.00125164,-0.00234620,0.00604363
2016-12-25,0.00001200,-0.00387196,0.00142736,0.00349144,0.00375848
2016-12-26,0.00000556,-0.00049845,-0.00304410,0.00028913,-0.00025015
2016-12-27,0.00000282,0.01077149,0.00082966,-0.00198653,-0.00446809
2016-12-28,0.00000286,0.00280006,-0.00390362,0.00520055,-0.00561182
2016-12-29,0.00000290,-0.00428458,-0.00912888,0.00186672,-0.00498141
2017-01-01,0.00000882,0.00006497,0.00971400,0.00655580,0.00695992
2017-01-02,0.00000462,0.00488115,0.00830428,0.00141663,0.00432634
2017-01-03,0.00000313,0.00414024,0.00634767,-0.00617781,0.00555118
2017-01-04,0.00000159,0.00265186,0.00083884,0.00140748,0.00556348
2017-01-05,0.00000161,0.00191428,-0.00222399,0.00501555,0.00630902
2017-01-08,0.00000752,-0.00580083,-0.00280864,-0.00500673,-0.00613508
2017-01-09,0.00000349,-0.00059166,0.00354669,0.00370636,0.00277168
2017-01-10,0.00000353,-0.00214501,0.00027114,0.00268049,0.00200773
2017-01-11,0.00000357,-0.00222482,0.00004191,0.00215922,-0.00794643
2017-01-12,0.00000241,-0.00803207,-0.00942338,0.00723011,0.00175443
2017-01-15,0.00000732,0.00166142,-0.00251964,0.00746788,0.00176557
2017-01-16,0.00000380,-0.00383882,-0.00439061,0.00469310,-0.00140574
2017-01-17,0.00000385,-0.00043091,0.00235227,0.00519648,0.00134609
2017-01-18,0.00000260,-0.00219545,-0.00169943,-0.00108604,-0.00003702
2017-01-19,0.00000395,-0.00960341,0.00379124,-0.00501179,0.00181899
2017-01-22,0.00001200,-0.00347338,-0.01041793,0.00280406,-0.00206179
2017-01-23,0.00000556,-0.01007534,-0.00761144,0.00435548,-0.00525001
2017-01-24,0.00000423,0.00445704,-0.00110787,0.00643813,0.00818060
2017-01-25,0.00000429,0.00907271,0.00496370,-0.00061755,0.00755962
2017-01-26,0.00000290,0.00117925,-0.00060848,0.00322679,0.00096802
2017-01-29,0.00001324,0.00234934,-0.00437469,0.00506899,0.00097028
2017-01-30,0.00000462,-0.00748771,0.01500839,-0.00123892,0.00408699
2017-01-31,0.00000469,0.00315514,-0.00228494,0.00734246,0.00795173
2017-02-01,0.00000476,0.01015015,0.00506508,-0.00265675,0.00813123
2017-02-02,0.00000323,-0.00355589,0.00254042,0.00147874,0.00768094
2017-02-05,0.00000984,-0.00066125,0.00673164,-0.00451342,0.00247056
2017-02-06,0.00000345,0.00200773,0.00278948,-0.00333518,-0.00091975
2017-02-07,0.00000349,0.00290954,-0.00530982,0.00807203,0.00369939
2017-02-08,0.00000235,-0.00594007,0.00354718,0.00576475,0.00125265
2017-02-09,0.00000238,0.00493100,-0.00936619,0.00426416,-0.01577513
2017-02-12,0.00000723,0.00758702,-0.00705161,-0.00403488,0.00291089
2017-02-13,0.00000375,0.00820847,0.00746768,0.00054453,0.00487588
2017-02-14,0.00000253,0.00247032,-0.00264427,-0.00056201,-0.00470940
2017-02-15,0.00000256,0.00603096,-0.00223874,0.00026643,0.00537116
2017-02-16,0.00000260,0.00335634,-0.00296449,-0.00065845,0.00086738
2017-02-19,0.00001184,0.00652792,0.00386158,-0.00453273,-0.00008127
2017-02-20,0.00000411,0.00017479,0.00249586,-0.00395472,0.00476167
2017-02-21,0.00000278,-0.00063096,0.00125332,0.00307332,0.00655106
2017-02-22,0.00000282,-0.00343903,0.00208316,-0.00397183,0.00618768
2017-02-23,0.00000286,-0.00085516,0.00040791,-0.00017195,0.00551364
2017-02-26,0.00001305,-0.00086330,-0.00024821,-0.00884238,-0.00032026
2017-02-27,0.00000455,-0.00541177,-0.00173413,0.00590195,-0.00042167
2017-02-28,0.00000462,-0.00772185,-0.00022279,0.01496552,0.00077807
2017-03-01,0.00000469,0.01651645,-0.00574230,0.01017875,-0.00190958
2017-03-02,0.00000476,0.00442422,0.00644637,0.00249954,-0.00037580
2017-03-05,0.00000968,-0.00004393,-0.00048948,-0.00195476,-0.00390185
2017-03-06,0.00000323,-0.01047282,-0.00416002,0.00685570,0.00317854
2017-03-07,0.00000323,-0.00129998,-0.00559898,-0.00041405,0.00732681
2017-03-08,0.00000323,0.00580866,0.00250037,-0.00042269,0.00898722
2017-03-09,0.00000323,0.00202908,0.00665594,0.00715516,0.00595776
2017-03-13,0.00001349,0.00106016,0.00489182,0.00368840,0.00596386
2017-03-14,0.00000353,-0.00179012,-0.00060288,0.00262306,0.00390910
2017-03-15,0.00000238,0.00062415,-0.00429781,0.00369898,-0.00243954
2017-03-16,0.00000241,-0.00593404,0.00630296,0.00414775,0.00686309
2017-03-19,0.00000732,-0.00601304,0.00263830,-0.00776618,-0.00513980
2017-03-20,0.00000380,0.00457653,-0.00453599,0.00042374,-0.00374480
2017-03-21,0.00000256,-0.00447082,0.01475740,0.00677957,0.00108428
2017-03-22,0.00000260,0.00016436,-0.00859067,0.00118375,-0.00281945
2017-03-23,0.00000395,0.00160077,0.00193603,0.00622457,0.00766437
2017-03-26,0.00000800,-0.00802995,0.00710628,-0.00759886,0.00346427
2017-03-27,0.00000417,-0.00852705,-0.00614521,-0.00390516,-0.01007283
2017-03-28,0.00000423,0.00569988,0.00139452,-0.00117351,0.00398833
2017-03-29,0.00000286,-0.00191548,-0.00345255,-0.00097172,-0.00361467
2017-03-30,0.00000290,-0.00140762,-0.00279420,0.00289081,0.00378139
2017-04-02,0.00000441,-0.00041497,-0.00260723,0.00432911,0.00710807
2017-04-03,0.00000462,-0.00023022,0.00153238,-0.00613628,0.00009666
2017-04-04,0.00000313,0.00256282,0.00744031,0.00162881,0.00683621
2017-04-05,0.00000317,0.01078892,0.00557651,0.00009136,-0.00845583
2017-04-06,0.00000323,-0.00319411,0.00552311,0.00413919,-0.00212962
2017-04-09,0.00000998,-0.00215893,0.00559870,-0.00530594,-0.00519488
2017-04-12,0.00000698,-0.00133025,0.00496586,0.00675307,0.00130600
2017-04-13,0.00000241,-0.01127190,-0.00174700,-0.00510085,-0.00022936
2017-04-18,0.00001220,0.00027398,-0.00177326,0.00621129,0.00149239
2017-04-19,0.00000260,0.00557923,-0.00369195,-0.00284597,0.00028370
2017-04-20,0.00000132,0.00105754,0.00265793,0.00078901,0.00362896
2017-04-23,0.00000800,-0.00618848,-0.00027129,0.00254734,0.00483574
2017-04-24,0.00000417,0.01194362,-0.00846199,0.00649819,0.00032122
2017-04-25,0.00000282,0.00131906,0.00600284,-0.00163847,0.00200295
2017-04-26,0.00000286,0.00795972,0.00512994,0.00025954,0.00738081
2017-04-27,0.00000145,-0.00191048,0.00742612,0.00247435,0.00076709
2017-04-30,0.00000882,-0.00327947,0.00633333,-0.00095350,-0.00118440
2017-05-03,0.00000923,0.00366540,-0.00785546,0.00517338,0.00260398
2017-05-04,0.00000161,0.00276306,-0.00583449,0.00444626,0.00984096
2017-05-07,0.00000984,0.00970419,-0.00025068,0.00802741,0.00346388
2017-05-08,0.00000230,0.00125099,-0.00638779,-0.00121520,0.00392261
2017-05-09,0.00000233,0.00513141,0.00499992,-0.00171901,0.01023616
2017-05-10,0.00000353,-0.00401064,0.00707825,-0.00006515,-0.00117510
2017-05-11,0.00000357,0.00308723,0.00872664,-0.00689661,-0.00615864
2017-05-14,0.00000723,0.00828509,0.00183874,-0.00229478,0.00578967
2017-05-15,0.00000375,-0.00075717,0.00135146,0.00005487,0.00121860
2017-05-16,0.00000380,0.00271870,0.00362795,-0.00031954,0.00298256
2017-05-17,0.00000385,-0.01247276,-0.01024241,-0.00843906,0.00177406
2017-05-18,0.00000390,-0.00877046,-0.00993509,-0.00123186,-0.00131279
2017-05-21,0.00000790,0.00733403,0.00415103,0.00526591,0.00911373
2017-05-22,0.00000274,0.00452911,0.01085505,0.00074682,0.00364603
2017-05-23,0.00000417,0.00190699,0.00737088,-0.00398006,-0.00213285
2017-05-24,0.00000423,-0.00089870,0.00685085,-0.00076376,-0.00207492
2017-05-25,0.00000286,-0.00017177,-0.00161136,-0.00733314,0.00516303
2017-05-28,0.00000870,-0.00386699,-0.00139838,0.00312127,-0.00020326
2017-05-29,0.00000303,-0.00113490,-0.00130876,-0.00768307,-0.00075735
2017-06-01,0.00000923,0.00024371,-0.01187957,0.00643013,0.00673019
2017-06-04,0.00000968,0.00253238,0.00161898,-0.00766066,0.00479496
2017-06-05,0.00000323,-0.00262649,-0.00339985,-0.00371701,-0.00209105
2017-06-06,0.00000323,-0.00416271,-0.00371079,0.00415996,-0.00606604
2017-06-07,0.00000323,0.00240207,-0.00412838,-0.00109496,-0.00737003
2017-06-08,0.00000323,-0.00277684,-0.00340228,0.00489243,-0.01779944
2017-06-11,0.00001011,0.00200554,0.00109111,-0.00572232,-0.00370010
2017-06-12,0.00000233,-0.00800973,-0.00689930,0.00274400,-0.02362580
2017-06-13,0.00000235,0.00430782,-0.00047887,0.00381834,0.00602522
2017-06-14,0.00000238,0.00216559,0.00536163,0.00204200,0.00138922
2017-06-15,0.00000241,-0.00654963,0.00049609,0.00019166,-0.00190538
2017-06-18,0.00000366,0.00321786,0.00246793,-0.00458073,0.00171767
2017-06-19,0.00000380,0.00855005,-0.00311648,0.00008172,-0.00007665
2017-06-20,0.00000385,-0.00270722,0.00247058,-0.00348544,-0.00006471
2017-06-21,0.00000390,0.00190355,-0.00261852,0.00414000,-0.00166847
2017-06-22,0.00000263,-0.00255478,-0.00395327,-0.00214924,-0.00207657
2017-06-25,0.00001200,0.00458750,0.00005478,0.00051187,0.00381226
2017-06-26,0.00000139,0.00103181,0.00103925,-0.00336229,-0.00475483
2017-06-27,0.00000282,-0.00451182,0.00162080,0.00317675,-0.00506759
2017-06-28,0.00000429,-0.00150611,-0.00885305,0.00543250,0.00086741
2017-06-29,0.00000145,-0.00081878,0.00257537,0.00181152,0.00151871
2017-07-02,0.00001324,0.00266758,-0.00488236,0.00395184,0.00397085
2017-07-03,0.00000462,0.00114603,-0.00526050,0.00221615,0.00077943
2017-07-04,0.00000313,0.00107591,0.00454163,-0.00261138,0.00290669
2017-07-05,0.00000317,-0.00197921,-0.00534986,-0.00553567,0.00262319
2017-07-06,0.00000323,-0.00306307,0.00200033,-0.00198455,-0.00023207
2017-07-09,0.00000998,0.00507836,0.00342254,-0.00124635,0.00997626
2017-07-10,0.00000349,0.00173932,0.00838650,0.00176957,-0.00057856
2017-07-11,0.00000353,-0.00085845,0.00289276,0.00335174,0.00099670
2017-07-12,0.00000238,0.00412749,-0.00074081,-0.00006820,0.00491611
2017-07-13,0.00000241,0.00751109,-0.00417106,-0.00154456,0.00007774
2017-07-16,0.00001098,0.00324848,-0.00202198,0.00183033,0.00519497
2017-07-17,0.00000380,-0.00394649,-0.00235577,-0.00018759,-0.00616835
2017-07-18,0.00000256,-0.00557662,-0.00289257,-0.00090603,0.00091373
2017-07-19,0.00000390,0.00023150,-0.00150352,-0.00126066,0.00407140
2017-07-20,0.00000263,0.00201237,0.00242147,-0.00171584,0.00024354
2017-07-23,0.00000800,-0.00392015,-0.00114017,-0.00432816,-0.00452925
2017-07-24,0.00000417,-0.00141773,-0.00050933,-0.00371562,-0.00091038
2017-07-25,0.00000423,0.00345832,-0.00608547,-0.00068355,0.00273526
2017-07-26,0.00000429,-0.00149601,0.00444507,-0.00124426,-0.00326550
2017-07-27,0.00000435,-0.00129573,-0.00702371,0.00176807,0.00041623
2017-07-30,0.00000882,-0.00214460,-0.00176730,-0.00014410,-0.00734658
2017-07-31,0.00000154,-0.00110550,-0.00232170,0.00321802,0.00190831
2017-08-02,0.00000317,-0.00708326,-0.00341345,0.01051793,0.00394270
2017-08-03,0.00000323,-0.01523201,-0.00605978,0.01207761,0.00334680
2017-08-06,0.00000984,-0.02152061,-0.00866761,-0.00308776,0.00746728
2017-08-07,0.00000328,0.00115554,-0.00496999,-0.00191870,-0.00321146
2017-08-08,0.00000328,-0.00624412,-0.00447174,0.00302972,0.00896766
2017-08-09,0.00000328,-0.00978331,-0.00151068,-0.00254314,-0.00451716
2017-08-10,0.00000328,-0.00935515,0.01040915,-0.00188340,-0.00864601
2017-08-13,0.00001011,0.00025625,0.00355995,0.00080895,-0.00126670
2017-08-14,0.00000349,0.01485853,-0.00475584,-0.00107843,0.01001536
2017-08-15,0.00000353,0.00056810,0.00409346,-0.00134182,0.00211309
2017-08-16,0.00000357,0.00625168,-0.00216729,-0.00343361,-0.00316084
2017-08-17,0.00000362,-0.00366809,0.00674308,0.00389883,-0.00429764
2017-08-20,0.00001098,-0.00314580,-0.00158299,-0.00413880,-0.00072121
2017-08-21,0.00000380,0.00093636,-0.00510637,0.00387314,0.00120045
2017-08-22,0.00000385,0.00644003,-0.00886295,0.00336994,-0.00077987
2017-08-23,0.00000390,-0.00680085,-0.00541032,0.00188974,0.00718530
2017-08-24,0.00000395,-0.00107421,0.00418083,-0.00853030,-0.00590694
2017-08-27,0.00000800,-0.00128041,0.00656295,-0.00216498,-0.00346478
2017-08-28,0.00000417,0.00005449,-0.00071926,-0.00170595,-0.00727700
2017-08-29,0.00000423,-0.00853691,-0.00480921,0.00120372,-0.00210697
2017-08-30,0.00000286,0.00506938,-0.00359964,0.00501753,-0.00000555
2017-08-31,0.00000290,0.01027438,-0.00064395,-0.00096015,-0.00023711
2017-09-03,0.00000882,-0.01270498,0.00012796,-0.00104135,-0.00291264
2017-09-04,0.00000308,0.00681184,-0.00137436,-0.00232289,0.00378376
2017-09-05,0.00000156,0.00133849,0.00364104,0.00256699,0.00061446
2017-09-06,0.00000317,-0.00146005,-0.00433162,0.00417291,-0.00073001
2017-09-07,0.00000323,-0.00283630,-0.00212297,0.00360411,0.00413186
2017-09-10,0.00000998,-0.00246442,0.00304124,0.00367809,0.00655299
2017-09-11,0.00000233,0.01795501,0.00481759,-0.00809895,-0.00294143
2017-09-12,0.00000235,0.00967743,0.00612463,-0.00167692,-0.00404243
2017-09-13,0.00000238,0.00389919,0.00176455,-0.00191620,-0.00072129
2017-09-14,0.00000241,-0.00237901,-0.00306842,-0.00239967,-0.00058030
2017-09-17,0.00000732,0.00016250,0.00491453,0.00193301,0.00571368
2017-09-18,0.00000380,0.00747337,0.00169181,0.00126343,-0.00170705
2017-09-19,0.00000256,-0.00284132,0.00222352,0.00180268,0.00218850
2017-09-24,0.00001299,-0.00317695,0.00693283,-0.00043376,-0.00390487
2017-09-25,0.00000278,0.00131513,0.01163487,0.00191498,-0.00625362
2017-09-26,0.00000282,-0.00007481,0.00022604,-0.00130281,0.00106592
2017-09-27,0.00000286,0.00080278,-0.00119792,-0.00075626,0.00183057
2017-09-28,0.00000435,-0.00040441,-0.00220582,0.00703339,0.00866104
2017-10-01,0.00000909,0.00526715,-0.00045370,0.00069986,0.00607699
2017-10-02,0.00000308,0.00410504,-0.00129953,0.00078754,0.00135253
2017-10-03,0.00000156,0.00202568,-0.00378968,0.00427552,0.00288541
2017-10-08,0.00001587,0.00888110,0.00038633,0.00039612,-0.00176904
2017-10-09,0.00000116,-0.00082113,-0.00075392,0.00010996,-0.00270150
2017-10-10,0.00000118,-0.00312810,-0.00193214,0.00453328,0.00582360
2017-10-15,0.00001191,0.00346059,-0.00212121,0.00148686,0.00822920
2017-10-16,0.00000380,-0.00427706,0.00019404,0.00086999,-0.00284510
2017-10-17,0.00000256,0.00105096,-0.00131165,-0.00464817,0.00235117
2017-10-18,0.00000260,0.00348557,-0.00235127,-0.00399148,-0.00528149
2017-10-19,0.00000263,-0.01023369,0.00082461,0.00115817,0.00155827
2017-10-22,0.00000400,0.00730127,0.00185275,0.00048826,-0.00102554
2017-10-23,0.00000139,-0.00422888,0.00221769,-0.00089404,-0.00026023
2017-10-24,0.00000282,-0.00170929,-0.00507716,-0.00243207,0.00558447
2017-10-25,0.00000286,-0.00425707,-0.00328311,0.00247526,0.00907906
2017-10-26,0.00000145,0.00088229,-0.00208443,0.00238207,0.00956430
2017-10-29,0.00000441,0.00201679,0.00145724,-0.00260671,0.00583212
2017-10-30,0.00000308,-0.00027850,0.00037548,0.00516906,0.00168583
2017-10-31,0.00000313,-0.00289563,-0.00587661,0.00369003,0.00688231
2017-11-01,0.00000159,0.00375634,0.00439293,0.00307268,0.00002241
2017-11-02,0.00000323,-0.01495403,-0.00259326,0.00443998,0.00819062
2017-11-05,0.00000984,-0.00335995,0.00027791,-0.00266299,0.00883700
2017-11-06,0.00000328,0.00293194,0.00235438,-0.00051479,-0.00634418
2017-11-07,0.00000328,-0.00143554,0.00528941,0.00377388,-0.00164029
2017-11-08,0.00000328,-0.00414478,-0.00305430,-0.00198139,0.01010094
2017-11-09,0.00000328,-0.00035713,-0.00055424,-0.00061764,0.00090316
2017-11-12,0.00001011,0.00363435,0.00705833,-0.00309276,-0.00444227
2017-11-13,0.00000349,-0.00076663,0.00206474,0.00156862,-0.00162355
2017-11-14,0.00000353,-0.00430055,-0.00237538,0.00423883,0.00980840
2017-11-15,0.00000238,-0.00648991,-0.00077888,0.00168532,0.00435473
2017-11-16,0.00000362,0.00524103,0.00045563,0.00245569,0.00244257
2017-11-19,0.00001098,0.00448463,0.00013793,-0.00081213,-0.00093691
2017-11-20,0.00000380,-0.00003181,-0.00156496,0.00011134,0.00524800
2017-11-21,0.00000256,0.00425453,-0.00472722,-0.00196375,0.00335069
2017-11-22,0.00000390,0.00198081,0.00247134,-0.00888327,-0.00232100
2017-11-23,0.00000395,0.00948293,-0.00348135,-0.00180253,0.00249687
2017-11-26,0.00001200,0.00305407,-0.00027542,-0.00614618,-0.00541495
2017-11-27,0.00000417,-0.00283120,0.00154694,-0.00225509,-0.00403474
2017-11-28,0.00000282,0.00560145,-0.00736579,0.00479568,0.00199760
2017-11-29,0.00000429,0.00262425,0.00577676,0.00409547,-0.00591281
2017-11-30,0.00000290,0.00211067,-0.00415044,-0.00148687,-0.00133500
2017-12-03,0.00001324,0.00917925,-0.00137385,0.00061403,-0.00662628
2017-12-04,0.00000308,-0.00362026,0.00150009,0.00452916,-0.00667038
2017-12-05,0.00000313,-0.00507359,-0.00352636,0.00008665,0.00304023
2017-12-06,0.00000159,-0.00981853,-0.00132658,-0.00345858,-0.00888513
2017-12-07,0.00000323,-0.00172224,-0.00245255,-0.00319405,-0.00021645
2017-12-10,0.00000583,0.00779709,0.00172221,-0.00186593,-0.00993255
2017-12-11,0.00000349,0.00443420,-0.00316545,-0.00736435,0.00291490
2017-12-12,0.00000353,0.00289329,-0.00391565,-0.00307505,0.00277669
2017-12-13,0.00000357,-0.00436467,-0.00134496,-0.00639924,0.00348638
2017-12-14,0.00000362,0.00524730,0.00348677,0.00786156,0.00300900
2017-12-17,0.00001098,0.00082173,0.00085230,-0.00337805,-0.00119221
2017-12-18,0.00000380,0.00349366,0.00086176,0.00072322,0.00468087
2017-12-19,0.00000385,0.00100544,-0.00137532,0.00977875,0.00777663
2017-12-20,0.00000390,0.00331488,-0.00220347,0.00302524,0.00110684
2017-12-21,0.00000395,0.00420025,0.00613035,-0.00278546,-0.00394291
2017-12-24,0.00001200,0.01584246,0.00016939,-0.00068169,-0.01215462
2017-12-25,0.00000417,-0.00383325,0.00439214,-0.00366043,-0.00479705
2017-12-26,0.00000423,0.00143058,0.00267450,0.00220092,0.00459410
2017-12-27,0.00000429,0.00053891,0.00101165,-0.00097294,-0.00300222
2017-12-28,0.00000290,0.00358724,0.00003170,0.00188864,0.00155535
2017-12-31,0.00001324,-0.00110460,0.00011417,-0.00034961,0.00321217
2018-01-01,0.00000308,0.01011424,0.00244257,-0.00094713,-0.00386685
2018-01-02,0.00000156,0.00725440,0.00444778,0.00199597,-0.00882121
2018-01-03,0.00000317,-0.00283369,-0.00084188,0.00343783,0.00494841
2018-01-04,0.00000323,0.00641139,-0.00554363,-0.00108263,0.00393508
2018-01-07,0.00000984,0.00357347,-0.00419048,0.00182727,0.00907792
2018-01-08,0.00000328,-0.00295615,-0.00165548,0.00326265,-0.00153193
2018-01-09,0.00000328,0.00214701,0.00256987,-0.00315943,0.00909248
2018-01-10,0.00000328,-0.00888771,-0.00231362,0.00615506,-0.00292512
2018-01-11,0.00000328,0.01227615,0.00282928,0.00114418,0.00016489
2018-01-14,0.00001011,0.00971088,0.00074429,0.00344920,-0.01231257
2018-01-15,0.00000233,-0.00307033,-0.00248677,-0.00211799,0.00382354
2018-01-16,0.00000235,0.00124246,0.00328637,0.00439376,-0.00615521
2018-01-17,0.00000357,-0.00602405,-0.00157875,-0.00011338,0.00200917
2018-01-18,0.00000241,-0.00490736,-0.00454589,-0.00073631,0.00061758
2018-01-21,0.00001098,0.00004490,0.00340134,-0.00155034,0.00000988
2018-01-22,0.00000380,0.00574128,0.00001038,-0.00107470,0.00024183
2018-01-23,0.00000385,0.00289088,0.00281353,0.00269492,0.00827517
2018-01-24,0.00000390,0.00184150,0.00158029,0.00251280,0.00138334
2018-01-25,0.00000395,0.00117768,-0.00377491,0.00581815,0.00771770
2018-01-28,0.00001200,0.00703168,-0.00034937,-0.00235715,0.00235441
2018-01-29,0.00000278,-0.00276983,0.00331855,-0.00222350,0.00264391
2018-01-30,0.00000282,-0.01128524,-0.00162496,-0.00487468,0.00470783
2018-01-31,0.00000286,0.00409284,0.00032628,-0.00254336,0.00598453
2018-02-01,0.00000290,-0.00379839,-0.00508860,-0.00299790,0.00166595
2018-02-04,0.00000791,-0.01831201,0.00661933,-0.00062539,-0.00438692
2018-02-05,0.00000412,-0.00762110,-0.00462062,0.00874251,0.00421398
2018-02-06,0.00000191,-0.01626854,-0.00090920,-0.00374403,0.00505143
2018-02-07,0.00000283,0.01136421,0.00523159,0.00122890,0.00177471
2018-02-08,0.00000282,-0.01315755,-0.00052026,-0.00874361,0.00431237
2018-02-11,0.00000612,-0.01208773,0.00613805,-0.00124352,-0.00149798
2018-02-12,0.00000253,0.00495433,-0.00549690,0.00005052,0.00777707
2018-02-13,0.00000256,0.00018733,0.00050870,0.00032002,0.00337386
2018-02-14,0.00000260,0.00715254,0.00414301,0.00072361,0.00473562
2018-02-15,0.00000395,0.01275849,0.00314167,-0.00060886,0.00147130
2018-02-18,0.00000800,0.00570099,-0.00129147,0.00052521,0.00694622
2018-02-19,0.00000278,0.00846073,-0.01258615,-0.00721449,-0.03135866
2018-02-20,0.00000423,-0.00646403,0.00102505,0.00198146,0.00412348
2018-02-21,0.00000286,0.00064839,-0.00527503,-0.00757713,-0.00228501
2018-02-22,0.00000290,-0.00205402,0.00124998,0.00356401,-0.00844702
2018-02-25,0.00001324,0.00546053,0.00453489,0.00080572,-0.00313662
2018-02-26,0.00000308,-0.00078984,0.00154628,0.00604126,0.00767124
2018-02-27,0.00000313,0.00108816,-0.00346230,0.00072098,-0.00855881
2018-02-28,0.00000317,-0.00857321,0.00085759,0.00061218,0.00756238
2018-03-04,0.00001312,-0.00901500,-0.00200462,0.00324650,0.00903695
2018-03-05,0.00000328,-0.00715542,0.00204511,-0.00169163,-0.00209120
2018-03-06,0.00000328,0.00417933,0.00182127,0.00482320,0.00499467
2018-03-07,0.00000328,-0.00314211,-0.00728968,-0.00453746,-0.00016497
2018-03-08,0.00000328,0.00077565,-0.00135144,-0.00099228,-0.00031975
2018-03-11,0.00001011,0.00775746,-0.00583171,-0.00792127,-0.00374089
2018-03-12,0.00000349,-0.00036683,0.00761946,-0.00736382,0.00481907
2018-03-13,0.00000353,0.00744272,-0.00162871,-0.00241189,0.00427204
2018-03-14,0.00000357,-0.00315268,0.00205030,-0.00376183,0.00097170
2018-03-15,0.00000362,0.00257453,0.00243236,-0.00501465,-0.00032740
2018-03-18,0.00001098,-0.00179829,0.00412885,0.00495258,-0.00372712
2018-03-19,0.00000380,-0.01077927,0.00092474,-0.00209290,-0.00113159
2018-03-20,0.00000385,0.00078160,-0.00520506,0.00060487,0.00679034
2018-03-21,0.00000390,-0.00191720,-0.00082593,-0.00130059,0.00508407
2018-03-22,0.00000263,-0.01039764,0.00463066,-0.00389074,-0.00172446
2018-03-25,0.00000800,-0.02743265,-0.00413399,0.00245638,0.00025404
2018-03-26,0.00000278,0.00901021,-0.00255817,0.00095684,0.00346328
2018-03-27,0.00000282,0.01009326,0.00236443,0.00479466,0.00440496
2018-03-28,0.00000429,-0.00823862,0.00335019,0.01329947,-0.00360451
2018-03-29,0.00000435,0.00220732,0.00528180,0.00444216,0.01073670
2018-04-01,0.00000882,0.00400196,0.00307742,-0.00332316,0.00515245
2018-04-02,0.00000308,-0.00576355,0.00801185,0.00085304,0.00448309
2018-04-03,0.00000156,-0.00786858,-0.00527132,0.00353637,0.00149440
2018-04-04,0.00000317,-0.02182627,0.00395802,0.00409955,0.00054084
2018-04-08,0.00001936,0.01628244,-0.00448362,-0.00378713,0.00037423
2018-04-09,0.00000349,0.00353734,0.00404639,0.00186159,-0.00519749
2018-04-10,0.00000235,0.01522973,-0.00610272,0.00236364,0.00032914
2018-04-11,0.00000238,-0.00506723,0.00149499,-0.00617205,0.00603088
2018-04-12,0.00000241,0.01281190,-0.00687286,-0.00194196,0.00686964
2018-04-15,0.00001098,0.00488863,-0.00391397,0.00269617,0.00066791
2018-04-16,0.00000380,0.00470847,-0.00558290,0.00074352,0.00476821
2018-04-17,0.00000385,0.00246013,-0.00628627,0.00052337,0.00483950
2018-04-22,0.00001948,0.00446029,-0.00140576,-0.00175756,0.00145100
2018-04-23,0.00000417,-0.00482680,0.00281364,0.00052857,-0.00325827
2018-04-24,0.00000423,0.00067313,0.00243829,-0.00027390,-0.00584552
2018-04-25,0.00000286,-0.01391968,-0.00050926,-0.00078991,-0.00944408
2018-04-26,0.00000435,0.00374718,-0.00265852,0.00132794,0.00257294
2018-04-29,0.00001324,0.00498556,0.00093072,-0.00266548,-0.00346772
2018-04-30,0.00000462,-0.00719115,0.00519452,-0.00332700,0.00778529
2018-05-01,0.00000313,-0.00156157,0.00213675,0.00089314,0.00708627
2018-05-02,0.00000317,0.00523154,-0.00781047,-0.00131091,0.00337087
2018-05-03,0.00000484,-0.00313804,-0.00229223,-0.00039268,-0.00445309
2018-05-06,0.00000984,0.00376016,-0.00693499,-0.00725650,0.00415142
2018-05-07,0.00000328,0.00027206,0.00006896,0.00444770,0.00032571
2018-05-08,0.00000328,-0.00839553,0.00629413,-0.00037119,-0.00137616
2018-05-09,0.00000328,0.00212591,-0.00583966,-0.00088416,-0.00327228
2018-05-10,0.00000328,0.00181138,0.00048024,0.00216737,-0.00538349
2018-05-13,0.00000674,0.00891583,0.00255650,0.00193573,-0.00127714
2018-05-14,0.00000349,0.00088717,0.00136159,0.00330034,0.00656745
2018-05-15,0.00000353,0.00295357,-0.00228255,-0.00038317,-0.00162885
2018-05-16,0.00000357,0.00589353,-0.00754474,0.00446131,0.00523595
2018-05-17,0.00000362,0.00729904,-0.00458912,0.00207663,-0.00310279
2018-05-21,0.00001952,0.00826445,0.00036024,0.00276394,0.00873379
2018-05-22,0.00000385,-0.00333376,0.00327721,0.00310374,-0.00073722
2018-05-23,0.00000260,-0.00582200,0.00243736,0.00029697,0.00474975
2018-05-24,0.00000395,0.00193030,-0.00326799,-0.00254097,-0.00684644
2018-05-27,0.00001200,0.00688417,-0.00425026,0.00109559,-0.00358062
2018-05-28,0.00000417,-0.00170773,0.00154858,-0.00128029,-0.00088911
2018-05-29,0.00000282,-0.00779423,0.00316684,-0.01236542,0.00675696
2018-05-30,0.00000286,0.00305902,0.00153806,-0.00558218,-0.00199628
2018-05-31,0.00000290,0.00001136,-0.00058597,-0.00075515,0.00065207
2018-06-03,0.00000882,0.00455346,-0.00140432,-0.00085317,-0.00191536
2018-06-04,0.00000308,0.00308689,-0.00092174,-0.00860574,0.00187034
2018-06-05,0.00000156,0.00580235,-0.00021994,-0.00336316,0.00317083
2018-06-06,0.00000317,-0.00249432,0.00103886,0.00063823,-0.00005258
2018-06-07,0.00000323,0.00533697,0.00733060,0.00525942,-0.00203457
2018-06-10,0.00000998,0.00062680,0.00089913,-0.00393563,-0.00563511
2018-06-11,0.00000233,0.00384348,0.00058286,-0.00047633,-0.00316796
2018-06-12,0.00000235,0.00017246,0.00210263,-0.00114088,0.00009090
2018-06-13,0.00000357,0.00178955,0.00286809,-0.00098637,0.00126093
2018-06-14,0.00000241,0.00004790,0.00254649,0.00156045,0.00112372
2018-06-17,0.00000732,-0.00067975,-0.00013473,-0.00509333,-0.00236450
2018-06-18,0.00000253,-0.00602963,0.00090459,0.00347806,-0.00070098
2018-06-19,0.00000385,-0.00532972,0.00262082,0.00556090,-0.00161007
2018-06-20,0.00000390,0.00772069,-0.00168117,-0.00233822,-0.00166026
2018-06-21,0.00000395,-0.00609650,0.00355445,0.00337139,-0.00497140
2018-06-24,0.00001200,0.00480237,-0.00293878,0.00775810,0.00472474
2018-06-25,0.00000417,-0.00906239,0.00097183,0.00035463,0.00143658
2018-06-26,0.00000282,0.00009728,-0.00138456,0.00028739,0.00112558
2018-06-27,0.00000286,-0.00026649,0.00504741,0.00415362,0.00490197
2018-06-28,0.00000145,-0.00639464,0.00204462,0.00294816,0.00427462
2018-07-01,0.00000441,0.00310835,0.00194860,-0.00257471,-0.00250469
2018-07-02,0.00000308,-0.00433961,0.00196628,-0.00987938,-0.00210933
2018-07-03,0.00000313,0.00526419,-0.00055867,0.00005874,0.00384905
2018-07-04,0.00000476,-0.00125628,-0.00200658,-0.00039290,-0.00610277
2018-07-05,0.00000484,-0.00328695,-0.01207269,0.00017688,-0.00053923
2018-07-08,0.00000998,0.00384945,-0.00248791,0.00046880,-0.00538844
2018-07-09,0.00000349,0.00210665,0.00085384,0.00449369,0.00382318
2018-07-10,0.00000353,0.00560409,-0.00519067,0.00174333,0.00371033
2018-07-11,0.00000238,-0.00352706,-0.00107156,0.00168146,-0.00276965
2018-07-12,0.00000241,0.00560120,-0.00205539,0.00130625,-0.00736954
2018-07-15,0.00000732,-0.00021592,-0.00349885,0.00115788,0.00092260
2018-07-16,0.00000380,-0.00223185,0.00095100,0.00262920,-0.00251874
2018-07-17,0.00000385,0.00015169,-0.00008667,0.00310241,-0.00344211
2018-07-18,0.00000390,0.00063039,-0.00394338,-0.00383193,0.00418401
2018-07-19,0.00000395,-0.00310631,-0.00079627,-0.00357070,0.00742775
2018-07-23,0.00001067,0.00022274,-0.00092019,0.00215971,0.00313411
2018-07-24,0.00000282,0.00885054,-0.00652794,-0.00022497,0.00513608
2018-07-25,0.00000143,0.00483735,-0.00442939,0.00474294,0.00348536
2018-07-26,0.00000290,0.00461244,-0.00105468,0.00386523,0.00736163
2018-07-29,0.00000882,-0.00327951,-0.00094848,0.00497301,0.01077476
2018-07-30,0.00000154,0.00375186,-0.00340409,-0.00244319,-0.00169916
2018-07-31,0.00000313,0.00011655,-0.00383083,0.00202691,-0.00218384
2018-08-01,0.00000317,0.00148286,-0.00171914,-0.00989254,0.00743103
2018-08-02,0.00000161,-0.00567143,-0.00571460,0.00152426,0.00226057
2018-08-05,0.00000984,0.01527272,0.00152896,0.00414858,0.00487143
2018-08-06,0.00000328,0.00070189,-0.00000041,0.00205966,0.00247659
2018-08-07,0.00000328,0.00260073,0.00083524,0.00177256,0.00444049
2018-08-08,0.00000328,-0.00334160,-0.00286730,0.00090722,0.00259472
2018-08-09,0.00000328,-0.00600972,-0.00101062,0.00481210,0.00125989
2018-08-12,0.00000674,-0.00220826,-0.00027819,-0.00339212,0.00867948
2018-08-13,0.00000349,-0.00478168,0.00155619,-0.00216421,0.00180135
2018-08-14,0.00000353,-0.00133199,0.00332623,0.00122462,0.00762168
2018-08-15,0.00000357,-0.00522501,0.00037355,0.00311257,-0.00000622
2018-08-16,0.00000362,0.01103963,-0.00707992,0.00171488,-0.00137011
2018-08-19,0.00001098,0.00897122,0.00439706,-0.00670673,-0.00584763
2018-08-20,0.00000380,0.01232867,0.00479247,-0.00385639,-0.00095825
2018-08-21,0.00000256,0.00481603,0.00412273,0.00153105,-0.00293243
2018-08-22,0.00000260,0.00076562,-0.00010858,-0.00104557,-0.01282079
2018-08-23,0.00000395,0.01005638,0.00201666,-0.00263652,-0.01330649
2018-08-26,0.00001200,0.00256329,-0.00097394,-0.00263035,-0.00213066
2018-08-27,0.00000278,0.00719816,0.00135064,-0.00574021,-0.00138948
2018-08-28,0.00000423,-0.00175949,0.00310141,0.00057609,0.00384855
2018-08-29,0.00000286,0.00386990,-0.00414509,0.00259440,0.00421523
2018-08-30,0.00000435,0.00280962,-0.00580051,-0.00250451,0.00071879
2018-09-02,0.00001324,0.00422727,-0.00596918,-0.00493350,0.00364795
2018-09-03,0.00000462,-0.00146312,0.00009792,0.00402810,0.00214523
2018-09-04,0.00000313,-0.00837924,-0.00210369,-0.00326292,0.00404617
2018-09-05,0.00000317,-0.01235490,-0.00133601,0.00146896,-0.00584624
2018-09-06,0.00000323,0.00144380,0.00027027,0.00084841,0.00064775
2018-09-12,0.00002332,-0.00250629,-0.00508079,-0.00257432,0.00251503
2018-09-13,0.00000362,0.00026693,-0.00127496,0.00270343,0.01000610
2018-09-16,0.00001098,0.01470489,-0.00551553,-0.00115407,-0.00742571
2018-09-17,0.00000253,0.00576086,0.00221390,-0.00156753,-0.00690109
2018-09-20,0.00000790,0.00705234,0.00092922,-0.00646601,-0.00284426
2018-09-25,0.00001333,-0.00075225,0.00343712,-0.00470827,-0.00166171
2018-09-26,0.00000429,-0.00737960,-0.00002959,0.00180064,0.00459062
2018-09-27,0.00000435,-0.00539964,0.00310943,0.00050585,0.00467855
2018-10-02,0.00000735,0.00403061,-0.00196223,-0.00513694,-0.00280070
2018-10-03,0.00000317,0.00522041,0.00096051,0.00110887,-0.00838333
2018-10-04,0.00000323,-0.01172492,0.00388229,0.00114861,-0.00354948
2018-10-07,0.00000998,-0.00334848,-0.00448947,-0.00035434,-0.00006769
2018-10-08,0.00000349,-0.00465029,0.00032587,0.00086020,-0.00164057
2018-10-09,0.00000353,0.00019945,-0.00863958,0.00228707,0.00643833
2018-10-10,0.00000357,-0.01180502,0.00454585,0.00152505,-0.00254130
2018-10-11,0.00000362,-0.01052532,-0.00227887,-0.00393477,-0.00002936
2018-10-14,0.00001098,0.00620708,-0.00005320,-0.00225053,0.00313927
2018-10-15,0.00000380,-0.00293415,0.00318505,-0.00172656,-0.00054319
2018-10-16,0.00000385,0.01346361,0.00162296,-0.00687560,-0.00308716
2018-10-17,0.00000520,-0.00204965,-0.00258052,0.00936610,0.00568415
2018-10-18,0.00000526,0.00581331,-0.00011820,0.00167390,0.00043064
2018-10-21,0.00001200,-0.00610778,-0.00709993,0.00316282,0.00701046
2018-10-22,0.00000417,0.00035589,0.00089845,-0.00090823,0.00104282
2018-10-23,0.00000423,-0.01826931,0.00090308,0.00115435,0.00289368
2018-10-24,0.00000572,0.00637028,0.00231194,-0.00009960,0.01400126
2018-10-25,0.00000435,-0.01381009,-0.00040284,-0.00376886,0.00163899
2018-10-28,0.00000882,0.00120097,-0.00093241,0.00015658,-0.00179836
2018-10-29,0.00000462,0.00375978,0.00476654,0.00495835,0.00263065
2018-10-31,0.00000953,0.00812623,-0.00558803,-0.00370010,0.00649949
2018-11-01,0.00000484,0.01633422,-0.00780572,-0.00433222,-0.00425866
2018-11-04,0.00000984,-0.00088484,0.00601887,0.00244957,-0.00262124
2018-11-05,0.00000328,-0.00039409,0.00131465,0.00206714,-0.00369286
2018-11-06,0.00000328,0.00669995,-0.00313794,0.00353893,0.00148778
2018-11-07,0.00000328,0.01619815,-0.00751649,0.00378258,-0.00720283
2018-11-08,0.00000328,0.00200580,-0.00605328,0.00206589,0.00390416
2018-11-11,0.00001011,-0.00202532,0.00304984,0.00523006,0.00709043
2018-11-12,0.00000233,-0.00547756,0.00087071,-0.00281176,-0.00129647
2018-11-13,0.00000353,0.00277576,-0.00132267,0.00714251,-0.00283284
2018-11-14,0.00000357,-0.00684859,0.00389488,0.00101780,-0.00183510
2018-11-15,0.00000362,-0.00255417,-0.00722231,-0.00270472,0.00355352
2018-11-18,0.00001464,0.00224517,0.00111705,-0.00262214,-0.00224620
2018-11-19,0.00000380,-0.00197736,0.00142555,0.00171019,-0.00117031
2018-11-20,0.00000385,-0.01585075,0.00120226,-0.00499592,0.00007229
2018-11-21,0.00000390,0.00404251,-0.00225290,0.00284662,-0.00406842
2018-11-22,0.00000395,-0.00624070,0.00255260,-0.00056741,0.00570759
2018-11-25,0.00001200,-0.00474260,0.00854660,-0.00020619,-0.00214808
2018-11-26,0.00000417,0.01222581,-0.01097405,0.00115616,0.00380444
2018-11-27,0.00000704,0.00114813,-0.00218863,-0.00401976,0.00461029
2018-11-28,0.00000714,0.00790151,-0.00890873,0.00536151,0.01436927
2018-11-29,0.00000725,-0.00260488,0.00267737,0.00257020,-0.00347146
2018-12-02,0.00002206,0.01328048,-0.00425211,-0.00109010,0.00021366
2018-12-03,0.00000462,0.00134046,-0.00202822,-0.00194155,-0.00291911
2018-12-04,0.00000469,-0.01214844,0.00456449,-0.00128834,-0.00203928
2018-12-05,0.00000635,0.00507616,-0.00515612,-0.00244406,0.00349363
2018-12-06,0.00000645,-0.02398176,0.00464244,0.00232121,0.00250731
2018-12-09,0.00001581,-0.00230168,-0.00140121,-0.00112643,0.00137899
2018-12-10,0.00000698,-0.00863024,-0.00317476,-0.00794110,0.00122306
2018-12-11,0.00000706,0.00603550,-0.00657937,0.00053264,0.00194485
2018-12-12,0.00000715,0.00030700,-0.00386906,-0.00340792,0.00707206
2018-12-13,0.00000723,0.00144028,0.00182762,0.00380986,0.00296105
2018-12-16,0.00002196,-0.01738721,0.00235305,0.00158237,0.00692823
2018-12-17,0.00000760,-0.00394596,-0.00578557,-0.00229693,0.00602476
2018-12-18,0.00000769,-0.00941240,-0.00291605,0.00073182,0.00364800
2018-12-19,0.00000779,0.00487207,-0.00125317,0.00514162,0.00800010
2018-12-20,0.00000921,-0.02003108,-0.00225400,0.00639729,0.00416697
2018-12-23,0.00002401,-0.04903527,-0.00152474,-0.00246675,0.00336386
2018-12-24,0.00000556,-0.02053220,0.00510841,-0.00598164,-0.00487031
2018-12-25,0.00000845,0.01805543,-0.00611404,-0.00006877,0.00414906
2018-12-26,0.00001000,0.00416722,0.01044576,-0.00858867,0.00736795
2018-12-27,0.00001015,-0.00186979,0.00070492,-0.00827109,-0.00209889
2018-12-30,0.00003089,0.01229958,0.00464728,-0.00514447,-0.00321761
2018-12-31,0.00000923,0.00170018,0.00385900,-0.00093863,-0.00138038
2019-01-01,0.00000938,0.01169196,0.00019641,0.00330413,-0.00327042
2019-01-02,0.00000635,-0.01022216,0.00079668,-0.00501433,-0.00216323
2019-01-03,0.00000645,-0.00640991,0.00239407,0.00406531,-0.00789587
2019-01-06,0.00002173,0.02054198,0.00139719,-0.00612209,-0.00176431
2019-01-07,0.00000814,0.00477958,-0.00070048,-0.00646762,0.00371906
2019-01-08,0.00000824,0.00822953,0.00104953,0.00867444,-0.00425657
2019-01-09,0.00000595,0.00157310,0.00074225,0.00602341,0.00028324
2019-01-10,0.00000723,-0.00424655,0.00034203,-0.00011751,0.00199515
2019-01-13,0.00001830,-0.00378419,0.01120519,-0.00453313,0.00093904
2019-01-14,0.00000633,-0.00388395,0.00216140,0.00170293,0.00292098
2019-01-15,0.00000513,0.00658877,-0.00357091,-0.00079985,0.00371939
2019-01-16,0.00000650,0.00922830,-0.00274147,0.00356820,0.00372545
2019-01-17,0.00000658,-0.00027516,0.00141886,0.00553786,-0.00158795
2019-01-20,0.00002001,0.01009479,-0.00186779,-0.00456965,0.00622280
2019-01-21,0.00000834,-0.00481022,0.00503576,-0.00186534,0.00169054
2019-01-22,0.00000845,-0.00271916,0.00589664,-0.00166904,-0.00069418
2019-01-23,0.00000714,0.00503202,0.00056334,0.00009143,-0.00100879
2019-01-24,0.00000580,0.00346325,-0.00171287,0.00235240,-0.00192774
2019-01-27,0.00001765,0.00376987,-0.00060764,-0.00335210,0.00347731
2019-01-28,0.00000616,0.00196224,-0.00362174,0.00432557,0.00355618
2019-01-29,0.00000781,0.00312034,0.00417747,0.00680706,0.00408702
2019-01-30,0.00000635,0.00636595,-0.00073441,0.00203094,-0.00320625
2019-01-31,0.00000807,0.00665782,-0.00180419,0.00044586,-0.00822810
2019-02-03,0.00001968,0.00211309,-0.00004721,-0.00276547,0.00266064
2019-02-04,0.00000656,-0.00268292,-0.00310973,0.00312584,-0.00013167
2019-02-05,0.00000656,0.00517670,-0.00545623,0.00054433,0.01656221
2019-02-06,0.00000656,-0.00457068,0.00545124,-0.00355176,-0.00193322
2019-02-07,0.00000656,-0.01054916,-0.00667053,-0.00725999,0.00606425
2019-02-10,0.00002023,-0.00114925,-0.00495167,-0.00214046,0.00284030
2019-02-11,0.00000698,0.00472109,0.00056325,0.00512706,0.00525771
2019-02-12,0.00000706,0.00512364,-0.00180789,-0.00038832,-0.00128868
2019-02-13,0.00000715,0.00453745,0.00464484,-0.00380484,-0.00141733
2019-02-14,0.00000723,-0.00472577,-0.00140344,0.00181210,0.00522085
2019-02-17,0.00002196,0.00534577,-0.00138184,-0.00096544,-0.00273310
2019-02-18,0.00000633,0.00103915,0.00233933,0.00423715,-0.00152251
2019-02-19,0.00000641,-0.00344131,-0.00254362,-0.00334461,0.00112059
2019-02-20,0.00000779,0.00602114,-0.00436729,0.00033133,-0.01215366
2019-02-21,0.00000790,-0.00533373,0.00130479,-0.00185756,0.00427911
2019-02-24,0.00002001,0.00274057,0.00122367,0.00259968,-0.00220236
2019-02-25,0.00000834,0.00760240,0.00532320,0.00099381,-0.00569475
2019-02-26,0.00000704,-0.00323456,-0.00062905,-0.00266456,0.00853290
2019-02-27,0.00000714,-0.00890715,0.00518098,0.00492573,0.00053433
2019-02-28,0.00000725,0.00382550,0.00291204,-0.00195512,0.00945642
2019-03-03,0.00001765,0.00565735,0.00273011,0.00615560,-0.00965754
2019-03-04,0.00000616,0.00396002,0.00007926,0.00253932,-0.00483673
2019-03-05,0.00000625,-0.00926672,-0.00164304,-0.00039570,0.00092566
2019-03-06,0.00000635,-0.00132840,0.00120203,0.00011825,-0.00084060
2019-03-07,0.00000807,-0.01361973,-0.00021006,-0.00149293,0.00341867
2019-03-10,0.00001995,-0.00312457,0.00261504,0.00064506,-0.00141236
2019-03-11,0.00000698,0.00532948,-0.00273132,-0.00138186,0.00543073
2019-03-12,0.00000588,-0.00288530,0.00862166,-0.00321991,0.00672824
2019-03-13,0.00000595,0.01105025,-0.00365317,0.00163906,-0.00218119
2019-03-14,0.00000723,-0.00246704,0.00360659,0.00018140,-0.00006229
2019-03-17,0.00001830,0.00694083,0.00159430,0.00245390,0.00293992
2019-03-18,0.00000633,-0.00174111,0.01004983,0.00319454,-0.00317728
2019-03-19,0.00000641,0.00002754,0.00704996,0.00747870,0.00540473
2019-03-20,0.00000650,-0.00335739,0.00107820,0.00338873,0.01818539
2019-03-24,0.00003201,-0.01106241,-0.00095684,-0.00200369,0.00242718
2019-03-25,0.00000556,-0.00638455,-0.00196362,0.00361565,0.00017728
2019-03-26,0.00000704,0.01317388,-0.00537624,-0.00974824,0.00388199
2019-03-27,0.00000857,0.00290217,0.00183494,0.00607608,-0.00118363
2019-03-28,0.00000870,-0.00699765,0.00774164,0.00306198,0.00429867
2019-03-31,0.00002648,0.00832307,-0.00678073,0.00530524,0.00656132
2019-04-01,0.00000616,0.00800500,-0.00442381,0.00249231,-0.00671931
2019-04-02,0.00000469,0.00040865,0.00080115,-0.00037490,0.00293239
2019-04-03,0.00000635,0.00015794,-0.00377440,0.00234952,0.00539823
2019-04-04,0.00000645,-0.00656742,0.00341228,0.00566917,0.00672565
2019-04-07,0.00002164,0.00718329,0.00155374,0.00201375,-0.00229010
2019-04-08,0.00000814,0.00442488,0.00019935,0.00394049,-0.00394523
2019-04-10,0.00001429,0.00709421,-0.00458214,-0.00628718,0.00056282
2019-04-11,0.00000603,0.00472948,0.00166164,-0.00205491,-0.00677801
2019-04-14,0.00002196,0.00751687,-0.00595425,0.00182635,0.00059160
2019-04-15,0.00000760,-0.00035838,-0.00101840,0.00225104,0.00212509
2019-04-16,0.00000769,0.00490969,-0.00201136,0.00407031,0.00204881
2019-04-17,0.00000779,-0.00685618,-0.00042927,-0.00454877,0.00491635
2019-04-18,0.00000658,-0.00620817,0.00099951,0.00095140,-0.00090137
2019-04-21,0.00002401,0.00632339,-0.00226521,-0.00085053,0.00188562
2019-04-22,0.00000834,-0.00447987,0.00147527,-0.00081718,-0.00000185
2019-04-23,0.00000704,0.00633144,-0.00234689,-0.00014998,0.00669711
2019-04-24,0.00000714,0.00915549,-0.00072542,0.00034923,-0.00055727
2019-04-28,0.00002899,0.00746308,-0.00072599,0.00317261,-0.00734704
2019-04-29,0.00000616,-0.00543108,0.00432065,-0.00308308,0.00137177
2019-04-30,0.00000938,-0.01145973,0.00324566,-0.00047811,0.00036735
2019-05-01,0.00000953,-0.00127638,-0.00196895,0.00325701,0.00058980
2019-05-02,0.00000968,-0.00594245,-0.00952423,-0.00583809,-0.00363507
2019-05-05,0.00002952,0.00221025,0.00400303,0.01225936,-0.00341734
2019-05-06,0.00000984,-0.00925960,-0.00224302,0.00218409,-0.00234519
2019-05-07,0.00000984,0.00683695,-0.00325191,0.00033618,0.00525760
2019-05-12,0.00004920,-0.00862088,-0.00315011,-0.00117861,0.00664420
2019-05-13,0.00000814,-0.02161904,0.00411719,0.00207459,0.00133481
2019-05-14,0.00000824,0.01029623,-0.00130872,0.00258632,0.00274015
2019-05-15,0.00000834,-0.00783067,-0.00673207,-0.00204593,0.00158402
2019-05-16,0.00000844,0.01537545,-0.00267002,0.00404994,-0.00043950
2019-05-19,0.00002562,0.00082213,0.00215848,0.00465773,0.00576179
2019-05-20,0.00000760,-0.00616860,-0.00263713,0.00081076,0.01021846
2019-05-21,0.00000769,0.00872265,0.00260911,0.00222956,0.00895612
2019-05-22,0.00000779,0.00670562,-0.00296258,-0.00453218,0.00113040
2019-05-23,0.00000790,-0.01066369,0.00540421,-0.00192868,0.00237822
2019-05-26,0.00002401,0.00281032,-0.00156071,0.00540740,0.00512449
2019-05-27,0.00000834,-0.00284339,-0.00395428,-0.00171062,-0.00053946
2019-05-28,0.00000845,-0.00214594,-0.00860181,-0.00064853,0.00734913
2019-05-29,0.00000714,-0.01558796,0.00381073,0.00953793,0.01050393
2019-05-30,0.00000870,0.00487601,0.00173363,0.00354034,0.00418771
2019-06-02,0.00002206,-0.01433854,0.00176076,-0.00438981,0.00364721
2019-06-03,0.00000769,0.00379450,0.00392307,-0.00053252,0.00151233
2019-06-04,0.00000469,0.00894362,-0.00266027,-0.00160816,-0.00003454
2019-06-05,0.00000794,0.00223114,0.00374282,-0.00190129,0.00260444
2019-06-06,0.00000807,0.00015924,0.00770281,0.00211113,-0.00817152
2019-06-10,0.00003213,0.01300147,-0.00847885,0.00063795,0.00276678
2019-06-11,0.00000706,-0.00346762,-0.00151825,0.00254296,0.00263612
2019-06-12,0.00000715,-0.00708432,-0.00434818,-0.00295310,0.00264275
2019-06-13,0.00000723,0.00877437,0.00382551,-0.00314568,-0.00220488
2019-06-16,0.00002196,-0.00328352,0.00193881,-0.00198900,0.01002665
2019-06-17,0.00000760,-0.00497988,0.00084100,-0.00072427,0.00487855
2019-06-18,0.00000898,0.00837679,0.00278737,-0.00387562,-0.00271051
2019-06-19,0.00000909,0.00282741,0.00339550,0.00239835,-0.00344380
2019-06-20,0.00000921,0.00634758,-0.00432946,0.00532491,-0.00327592
2019-06-23,0.00002001,-0.00002966,0.00560715,0.00090935,-0.00002367
2019-06-24,0.00000973,0.00047195,-0.00320604,0.00203463,0.00387392
2019-06-25,0.00000704,-0.00384897,-0.00502802,0.00383246,0.00780441
2019-06-26,0.00000857,0.00425982,0.00120819,0.00250719,-0.00262142
2019-06-27,0.00000725,0.00298331,0.00069560,0.00130995,-0.00120965
2019-06-30,0.00002206,0.01208559,0.00255874,-0.00263179,-0.01638661
2019-07-01,0.00000769,-0.00152416,0.00506545,0.00078498,-0.00379750
2019-07-02,0.00000625,-0.00143240,0.00434414,0.00326819,0.00183442
2019-07-03,0.00000635,0.00325996,-0.00223824,-0.00463430,0.00990379
2019-07-04,0.00000807,0.00282568,-0.00398439,0.00357970,-0.00096287
2019-07-07,0.00002460,-0.00230391,0.00568433,0.00406422,-0.00126908
2019-07-08,0.00000575,-0.00633421,-0.00072911,-0.00283991,-0.00534727
2019-07-09,0.00000698,0.00348719,0.00002577,0.00505981,0.01089954
2019-07-10,0.00000706,0.00223902,-0.00111295,0.00029810,0.00598903
2019-07-11,0.00000715,-0.00024746,0.00171189,-0.00110142,0.00778209
2019-07-14,0.00002531,0.00419700,0.00107121,-0.00756166,0.00343455
2019-07-15,0.00000750,-0.00295639,0.00167260,-0.00680035,0.00284939
2019-07-16,0.00000760,-0.00183435,0.00112560,-0.00047824,-0.00270380
2019-07-17,0.00000769,-0.00966575,0.00159714,0.00568387,0.00472224
2019-07-18,0.00000779,-0.00913750,0.00062362,-0.00279089,0.00024977
2019-07-21,0.00001974,0.00112477,-0.00160841,-0.00021032,0.00606213
2019-07-22,0.00000822,0.00252391,0.00014652,0.00198981,0.00775367
2019-07-23,0.00000834,0.00893486,-0.00255807,0.00821732,-0.00361978
2019-07-24,0.00000704,0.01046892,-0.00852392,-0.00574700,0.00194078
2019-07-25,0.00000857,0.00007214,0.00458719,0.00304599,0.00116406
2019-07-28,0.00002175,0.00861988,0.00453788,0.00249091,0.00323350
2019-07-29,0.00000758,-0.00415182,-0.00324581,0.00580763,-0.00074744
2019-07-30,0.00000616,-0.00395715,-0.00417811,0.00284676,0.01026543
2019-07-31,0.00000781,0.00870897,-0.00009756,-0.00179857,0.00213864
2019-08-01,0.00000635,0.00257721,-0.00466491,0.00281931,0.00734886
2019-08-04,0.00002420,0.00009463,0.00155480,0.01428063,0.01900668
2019-08-05,0.00000807,-0.01943320,-0.00290771,0.00494867,0.01468467
2019-08-06,0.00000807,-0.00091798,-0.00368423,-0.00236593,0.00450032
2019-08-07,0.00000807,-0.01016777,0.00190483,-0.00117973,0.01484165
2019-08-08,0.00000807,0.01967111,-0.00984678,-0.00747891,0.00172345
2019-08-12,0.00002697,-0.00551001,0.00305569,0.00482522,0.01171886
2019-08-13,0.00000706,0.00537608,-0.00289453,0.00634252,0.00217119
2019-08-14,0.00000595,-0.02467426,0.00896165,0.00790575,0.01553164
2019-08-15,0.00000723,-0.01074614,-0.00971937,-0.00021501,-0.00295515
2019-08-18,0.00001830,0.00421658,0.01129785,-0.00444118,0.00205225
2019-08-19,0.00000760,0.01337683,0.00621889,-0.00010838,0.00359449
2019-08-20,0.00000641,0.00383380,-0.00020458,0.00646566,0.00511764
2019-08-21,0.00000650,0.00720622,0.00023459,0.01234811,-0.00280449
2019-08-22,0.00000526,0.00205216,0.00114902,-0.00429926,0.00457634
2019-08-25,0.00001600,-0.02988410,0.00897952,-0.00267573,0.00327811
2019-08-26,0.00000695,0.00881289,-0.00068894,-0.00604269,-0.00112566
2019-08-27,0.00000704,-0.00062757,0.00268328,-0.00913578,0.00531245
2019-08-28,0.00000429,-0.00591267,-0.00045379,0.00185052,0.00513060
2019-08-29,0.00000580,0.01409987,-0.00130070,0.00110919,-0.00447880
2019-09-01,0.00001765,0.00031011,0.00356922,0.00171632,0.00122263
2019-09-02,0.00000462,-0.00033221,0.00954891,-0.00082771,-0.00346747
2019-09-03,0.00000156,-0.00681914,0.00663614,-0.00795774,-0.00002057
2019-09-04,0.00000635,0.00802313,-0.00208970,-0.00011622,0.00380088
2019-09-05,0.00000484,0.00221059,0.00066464,0.00192510,-0.00538783
2019-09-08,0.00001412,0.00568079,0.00403147,-0.00201295,-0.00727294
2019-09-09,0.00000465,0.00074842,0.00148820,-0.00089926,-0.00041662
2019-09-10,0.00000471,0.00093683,0.00163871,-0.00121658,-0.01728971
2019-09-11,0.00000476,0.00825406,0.00022116,0.01060702,-0.01052921
2019-09-12,0.00000482,0.00509866,0.00096710,0.00267730,-0.00659935
2019-09-15,0.00001464,-0.00206352,-0.00050070,-0.00219904,0.00514711
2019-09-16,0.00000506,-0.00131226,-0.00192508,-0.00196667,-0.00398491
2019-09-18,0.00001039,0.00413683,-0.00416863,0.00157761,0.00827352
2019-09-19,0.00000395,0.00355619,-0.00631702,0.00135476,0.00701817
2019-09-22,0.00001600,-0.00430090,-0.00342518,-0.00046149,0.00824229
2019-09-23,0.00000556,0.00005232,-0.00600541,0.00481586,-0.00589706
2019-09-24,0.00000564,0.00409375,-0.00109689,0.00256635,-0.00231353
2019-09-25,0.00000429,-0.00140194,0.00115102,0.00987151,-0.00071583
2019-09-26,0.00000435,0.00743876,0.00375191,-0.00005164,0.00270499
2019-10-02,0.00002647,-0.00756514,-0.01056832,0.00529387,0.00031599
2019-10-03,0.00000323,-0.00811087,-0.00120897,-0.00556630,-0.00254868
2019-10-06,0.00001968,0.01415626,0.00004024,-0.00770327,0.00154621
2019-10-07,0.00000656,0.00142136,0.00344232,-0.00239967,0.00413714
2019-10-10,0.00001968,0.00146350,-0.00141801,0.00565128,0.00922515
2019-10-15,0.00002248,0.01233141,-0.00497361,0.00117038,0.00325913
2019-10-16,0.00000595,0.01066602,0.00160018,0.00677743,-0.00422166
2019-10-17,0.00000482,0.00098425,0.00402792,0.00675803,0.00054375
2019-10-22,0.00003050,0.00255678,0.00770569,-0.00055518,0.00082137
2019-10-23,0.00000520,-0.00342497,-0.00459962,0.00060604,0.00327314
2019-10-24,0.00000395,0.00132761,0.00277492,-0.00099677,0.00631559
2019-10-27,0.00002001,0.00526923,-0.00099616,-0.00642560,0.02317598
2019-10-28,0.00000695,0.00305667,0.00483130,-0.00228445,0.00009827
2019-10-29,0.00000423,-0.00211424,-0.00115056,0.00028526,-0.00043148
2019-10-30,0.00000572,-0.00446493,0.00019922,-0.00063693,0.00666544
2019-10-31,0.00000580,0.00122622,0.00279652,-0.00228117,-0.00111301
2019-11-03,0.00001765,0.00793898,-0.00349955,-0.00562086,-0.00517731
2019-11-04,0.00000308,-0.00029589,0.00012848,-0.00375385,0.00044175
2019-11-05,0.00000313,0.00304640,0.00074360,0.00336819,0.00111763
2019-11-06,0.00000476,-0.00355692,-0.00066187,-0.01182790,-0.00057859
2019-11-07,0.00000323,0.00069553,-0.00739692,-0.00053196,-0.00099885
2019-11-10,0.00001244,-0.00293608,0.00164345,-0.00092341,-0.00510747
2019-11-11,0.00000349,-0.00762410,-0.00148303,0.00200670,-0.01321462
2019-11-12,0.00000353,-0.00245566,0.00226860,0.00084713,0.00388472
2019-11-13,0.00000238,0.00209621,-0.00345358,-0.00110199,0.00984357
2019-11-14,0.00000362,0.00543915,-0.00101209,-0.00528609,0.00262491
2019-11-17,0.00001098,0.00750202,0.00307158,-0.00354083,0.00564044
2019-11-18,0.00000380,-0.00262196,0.00287285,-0.00237818,-0.00484227
2019-11-19,0.00000385,0.00638615,0.00076336,0.00367893,0.00834373
2019-11-20,0.00000520,-0.00202035,0.00053383,-0.00403367,0.00116085
2019-11-21,0.00000395,-0.00286254,0.00016735,0.00297535,0.00556134
2019-11-24,0.00001600,0.00499941,0.00636366,0.00021224,0.00129103
2019-11-25,0.00000417,0.01075895,0.00499870,-0.00431230,-0.00577955
2019-11-26,0.00000423,0.00461005,-0.00876221,-0.00208070,0.00918859
2019-11-27,0.00000429,0.00044125,0.00219821,0.00279292,0.00066780
2019-11-28,0.00000290,0.00447910,-0.00150019,0.00377764,-0.00500696
2019-12-01,0.00001324,-0.00377609,-0.00092522,-0.00212635,-0.00129452
2019-12-02,0.00000462,-0.00689433,0.00124633,-0.00037137,0.00079722
2019-12-03,0.00000313,-0.01097483,-0.00497957,-0.00074396,-0.00820852
2019-12-04,0.00000317,0.00612996,-0.00157669,-0.00383907,0.00321678
2019-12-05,0.00000484,-0.00125025,-0.00346474,-0.00152740,0.00659253
2019-12-08,0.00001412,0.00861305,-0.00203801,0.00202226,0.00446694
2019-12-09,0.00000582,0.00095733,0.00463699,0.00218314,0.01403289
2019-12-10,0.00000471,-0.00063908,0.00331455,0.00921161,0.00340602
2019-12-11,0.00000476,0.00196504,0.00332269,-0.00183125,-0.00881942
2019-12-12,0.00000362,0.00092908,0.00387712,-0.00318916,-0.00217319
2019-12-15,0.00001830,-0.00105316,-0.00071252,0.00643195,0.00945715
2019-12-16,0.00000506,-0.00212454,0.00046360,-0.00075582,-0.00259687
2019-12-17,0.00000513,-0.00407019,0.00123611,-0.00282552,0.01498490
2019-12-18,0.00000390,-0.00103258,0.00097461,-0.00599666,0.00055072
2019-12-19,0.00000395,-0.00416761,0.00563088,0.00319909,-0.00054055
2019-12-22,0.00001600,0.00298161,-0.00143857,0.00238357,0.00614263
2019-12-23,0.00000556,-0.00229743,0.00240400,-0.00041199,-0.00112244
2019-12-24,0.00000704,0.00608849,0.00113167,-0.00352462,-0.00030484
2019-12-25,0.00000714,0.00041253,0.00148755,0.00379562,0.00098235
2019-12-26,0.00000580,-0.00139185,0.00818053,0.00249070,0.00209197
2019-12-29,0.00001324,-0.00040776,0.00092679,0.00297144,-0.00397147
2019-12-30,0.00000462,-0.00274781,0.00344423,-0.00160224,-0.00979160
2019-12-31,0.00000625,0.00740870,0.00126066,-0.00453070,-0.01161291
2020-01-01,0.00000476,0.00504158,0.00583934,-0.00347334,0.00243742
2020-01-02,0.00000484,0.00546144,0.00099043,-0.00255856,-0.00847022
2020-01-05,0.00000984,-0.00391361,0.00576377,-0.00201059,-0.00153936
2020-01-06,0.00000328,-0.00393598,-0.00130696,0.00674746,0.00734921
2020-01-07,0.00000328,0.00048896,0.00627863,-0.00310074,0.00956366
2020-01-08,0.00000328,0.00288753,0.00234078,-0.00773830,0.01025763
2020-01-09,0.00000328,0.00068870,0.00426919,0.00243298,0.01172432
2020-01-12,0.00001349,0.00034224,0.00220236,-0.00100074,0.00870901
2020-01-13,0.00000465,0.00032250,0.00107824,-0.00198306,-0.00388528
2020-01-14,0.00000471,0.00345873,0.00418779,0.00394974,0.00925324
2020-01-15,0.00000595,0.00887763,-0.00411218,0.00667100,0.00514052
2020-01-16,0.00000482,0.00708577,-0.00113672,0.00249649,0.00986027
2020-01-19,0.00001830,0.00535801,-0.00122912,0.00253011,0.00886264
2020-01-20,0.00000506,-0.00159479,-0.00875114,0.00205715,0.00198271
2020-01-21,0.00000641,0.00018590,0.00181819,-0.00624326,0.00093353
2020-01-22,0.00000650,0.01100256,-0.00194379,-0.00536759,0.00482426
2020-01-23,0.00000526,-0.00166297,0.00259671,-0.00091638,0.00219909
2020-01-26,0.00001600,-0.01079228,0.00177034,-0.00067178,-0.00719699
2020-01-27,0.00000417,-0.01611072,-0.00056566,-0.00158871,-0.01256413
2020-01-28,0.00000564,0.00137065,0.00153569,-0.00015237,0.00405726
2020-01-29,0.00000714,0.00488992,0.00514906,-0.00177851,0.00603700
2020-01-30,0.00000580,-0.00616074,0.00295422,0.00277659,0.01784655
2020-02-02,0.00001324,-0.02922435,-0.00229129,0.00038620,-0.00142938
2020-02-03,0.00000308,0.00895410,-0.00111384,0.00295328,0.00892954
2020-02-04,0.00000313,0.01782411,0.00444442,-0.00170824,0.01797079
2020-02-05,0.00000635,0.01797077,0.00351386,0.00682575,0.01093315
2020-02-06,0.00000645,0.00618515,-0.00039546,0.00685154,0.00154163
2020-02-09,0.00001827,-0.01727856,0.00171713,0.00528849,-0.01092214
2020-02-10,0.00000582,0.00395810,-0.00221595,-0.00675279,-0.00056816
2020-02-11,0.00000353,0.01206161,-0.00004989,0.00240794,0.00855049
2020-02-12,0.00000476,0.01226507,0.00106335,0.00142417,-0.00510685
2020-02-13,0.00000603,-0.01294129,0.00304144,0.00511439,0.00744062
2020-02-16,0.00001464,0.00644749,0.00685067,0.01155249,0.01011803
2020-02-17,0.00000506,-0.00011943,0.00035782,0.01061954,0.00108025
2020-02-18,0.00000385,-0.00697923,0.00217288,0.00376031,-0.00591030
2020-02-19,0.00000390,0.01289920,0.00115888,0.00394913,-0.00039885
2020-02-20,0.00000395,-0.00573346,0.00299787,-0.01023056,-0.00620803
2020-02-23,0.00001600,-0.02736752,-0.00204946,-0.00821076,-0.00624605
2020-02-24,0.00000417,-0.01807043,-0.00590751,-0.00541380,-0.00642602
2020-02-25,0.00000423,0.00771874,-0.00049462,0.00893721,0.00689639
2020-02-26,0.00000572,-0.00030997,-0.00266769,0.00192914,0.00791970
2020-02-27,0.00000580,-0.04030416,-0.00561745,0.00331505,-0.00475834
2020-03-01,0.00001765,-0.01460195,-0.00184646,-0.01412081,-0.00770303
2020-03-03,0.00000625,0.01298233,0.00702148,0.00198176,0.01202476
2020-03-04,0.00000635,-0.02072812,0.00464490,-0.01588368,0.00458237
2020-03-05,0.00000484,-0.01955737,-0.00427467,-0.00649307,-0.00127608
2020-03-08,0.00001335,-0.04774633,-0.00459342,-0.01058532,0.00327323
2020-03-09,0.00000465,-0.06683657,-0.00176272,-0.02412887,0.01849884
2020-03-11,0.00001429,-0.03211574,0.03378361,-0.03696161,0.01028806
2020-03-12,0.00000723,-0.06628882,-0.02646747,-0.01681279,-0.01924315
2020-03-15,0.00002196,0.02944353,-0.03318220,-0.02963990,-0.02908023
2020-03-16,0.00000506,-0.04706453,-0.00628369,-0.02675569,-0.01097388
2020-03-17,0.00000128,0.01510198,-0.02592053,-0.03492324,-0.03166223
2020-03-18,0.00000779,-0.06344270,-0.01388445,-0.01151815,-0.03707550
2020-03-19,0.00000526,0.04516895,-0.00555346,0.03214379,0.01111855
2020-03-22,0.00002001,-0.03748147,0.01470506,-0.02320141,-0.00965624
2020-03-23,0.00000278,-0.00957962,0.01172301,-0.00942864,-0.01078753
2020-03-24,0.00000564,0.07345793,0.01206044,0.01250680,0.04456924
2020-03-25,0.00000572,0.00205132,0.03061087,0.01190661,0.04013665
2020-03-26,0.00000145,0.03504656,0.01094435,0.00801428,0.02231459
2020-03-29,0.00000882,-0.01121421,0.00551334,0.01396636,-0.02523198
2020-03-30,0.00000462,0.02318741,0.00316497,0.03061474,-0.01626150
2020-03-31,0.00000625,0.02600791,0.00497937,0.01618017,-0.00326851
2020-04-01,0.00000635,-0.03168546,0.01145214,-0.00335723,-0.00503757
2020-04-02,0.00000645,-0.00115518,0.00950625,-0.00450947,0.00345323
2020-04-05,0.00001968,-0.02055132,0.01298199,-0.00623804,-0.01441860
2020-04-06,0.00000656,0.05370323,-0.00686378,-0.00577725,-0.00243374
2020-04-07,0.00000656,0.03660121,0.00775817,-0.00337364,-0.00739952
2020-04-12,0.00003279,0.02030458,0.01334098,-0.00301214,-0.01689428
2020-04-13,0.00000000,-0.00961490,0.00065431,-0.00919117,-0.02634273
2020-04-16,0.00000353,-0.01803927,0.01690409,-0.02994422,0.00543825
2020-04-19,0.00000366,0.05083929,-0.01086019,0.01759564,0.01139662
2020-04-20,0.00000253,-0.01188402,0.00090000,-0.01380227,-0.01331575
2020-04-21,0.00000256,-0.02154209,0.01143873,-0.01746940,0.01024595
2020-04-22,0.00000260,0.00149214,0.00200232,-0.01445260,-0.01285234
2020-04-23,0.00000263,0.01595217,-0.00941184,-0.01916564,-0.02341015
2020-04-26,0.00000800,0.02698011,-0.00259824,0.00587294,0.00073769
2020-04-27,0.00000139,0.00802808,0.00718874,0.00203301,0.00942323
2020-04-30,0.00000423,0.01180727,-0.00599503,0.01166803,0.01574301
2020-05-03,0.00000441,-0.02202333,-0.00141574,-0.00415730,0.00086368
2020-05-04,0.00000154,-0.01287696,-0.00108400,-0.00809501,0.00901230
2020-05-05,0.00000000,0.02226660,-0.00036607,-0.00264037,-0.00343151
2020-05-06,0.00000159,-0.00181766,0.00010250,-0.00285101,0.00969641
2020-05-07,0.00000161,0.01373948,-0.00086349,-0.00896581,-0.00733763
2020-05-10,0.00000414,0.01431318,0.00761932,-0.01093927,0.00217549
2020-05-11,0.00000116,-0.00657228,-0.00179803,-0.00904309,0.00585071
2020-05-12,0.00000118,-0.00204713,0.00937972,-0.01485939,-0.00719484
2020-05-13,0.00000238,-0.02003971,-0.00391826,-0.02272745,0.00093502
2020-05-14,0.00000241,-0.04534648,-0.00234766,0.00316122,0.00722564
2020-05-17,0.00000366,0.03637223,-0.00305808,-0.01220639,0.00653317
2020-05-18,0.00000253,0.01920182,0.00376852,-0.00301516,-0.00898140
2020-05-19,0.00000128,0.00078534,0.00385035,-0.00284034,0.00922593
2020-05-20,0.00000130,0.00810912,0.00199543,-0.00940466,-0.00034644
2020-05-21,0.00000132,-0.00791762,0.01019923,-0.01381071,0.01625165
2020-05-24,0.00000400,0.00932434,0.00199967,0.01260568,0.01186947
2020-05-25,0.00000139,0.00617384,-0.00225284,0.01687698,0.01797706
2020-05-26,0.00000141,-0.00123219,0.00027484,-0.00430697,0.01039232
2020-05-27,0.00000286,-0.00680402,-0.01695328,-0.00481557,0.00176185
2020-05-31,0.00000580,-0.01627261,0.01446510,-0.02435593,0.01091682
2020-06-01,0.00000154,0.00719153,-0.00580595,-0.01060477,-0.00130807
2020-06-02,0.00000156,0.00255734,0.00055184,-0.00717396,0.00751682
2020-06-03,0.00000159,-0.00062822,0.00489293,-0.02489254,-0.00997810
2020-06-04,0.00000161,0.00371293,-0.00210467,0.02083076,0.00088417
2020-06-08,0.00000000,0.01796200,-0.01965068,0.04531761,-0.01018035
2020-06-09,0.00000118,-0.00147543,-0.00554837,-0.00176528,0.00832037
2020-06-10,0.00000238,0.00026128,0.00084793,-0.00667843,0.01082524
2020-06-11,0.00000120,-0.02178051,-0.00251887,-0.00911733,0.00972300
2020-06-14,0.00000366,-0.00462046,0.00547923,-0.00846792,0.00308347
2020-06-15,0.00000127,-0.01071567,-0.00010201,-0.01359576,0.00365239
2020-06-16,0.00000128,0.02498215,0.00924974,-0.00566866,0.01377086
2020-06-17,0.00000000,-0.00485566,0.00866595,-0.00090895,-0.00018181
2020-06-18,0.00000132,-0.00515013,0.00508099,-0.00286583,0.00736082
2020-06-21,0.00000400,-0.01807514,0.00423236,-0.00630190,-0.00477630
2020-06-22,0.00000278,0.00113716,0.00269792,-0.01709161,-0.00586859
2020-06-23,0.00000141,-0.00300882,0.01637967,-0.00206101,0.00571895
2020-06-24,0.00000143,-0.02125223,0.00471933,0.00288286,0.01114273
2020-06-25,0.00000145,-0.00478421,-0.00906954,-0.00063464,-0.00266676
2020-06-28,0.00000441,-0.03151060,0.00647270,-0.00418501,-0.01282418
2020-06-29,0.00000154,0.00926402,-0.00710624,0.00456431,-0.00271183
2020-06-30,0.00000000,0.01110644,-0.00506293,-0.01040314,0.00590915
2020-07-01,0.00000159,0.02684347,-0.01071057,0.01785176,-0.00065186
2020-07-02,0.00000161,0.01425706,-0.00913976,-0.00090570,-0.00258838
2020-07-05,0.00000492,-0.02964078,0.01176185,-0.01201739,0.00659898
2020-07-06,0.00000164,0.02068796,-0.01164090,0.00303476,0.01165500
2020-07-07,0.00000164,-0.00540434,-0.00121232,-0.00178173,-0.00394035
2020-07-08,0.00000164,-0.01561116,0.00401819,-0.00041520,0.00754820
2020-07-09,0.00000164,-0.00303313,-0.00066717,-0.00799903,0.02128938
2020-07-12,0.00000492,0.01329671,0.00046659,0.00705004,0.00757404
2020-07-13,0.00000164,0.00966011,0.01813231,-0.02415460,-0.01634393
2020-07-14,0.00000164,-0.00937198,0.00816042,0.00502690,-0.00748449
2020-07-15,0.00000164,0.02707933,-0.00805660,0.00659409,-0.00164902
2020-07-16,0.00000164,-0.00603953,0.00217390,-0.00378674,0.00364887
2020-07-19,0.00000674,0.00026999,0.00138532,-0.00980493,0.00569263
2020-07-20,0.00000233,0.00827009,-0.00376824,-0.01528308,-0.00997116
2020-07-21,0.00000235,0.01516532,-0.00468956,-0.00877652,-0.02378736
2020-07-22,0.00000119,-0.00541612,0.00953736,-0.01217748,0.01772582
2020-07-23,0.00000000,-0.00837879,0.00567943,-0.00423009,0.00385606
2020-07-26,0.00000366,-0.01169286,0.00032358,-0.00329559,-0.01463362
2020-07-27,0.00000000,0.00323998,-0.00993315,-0.00089424,0.01005259
2020-07-28,0.00000000,0.00252706,-0.00153579,-0.00433779,0.01363039
2020-07-29,0.00000000,0.00253998,0.00093295,0.00044916,-0.00652298
2020-08-02,0.00000000,0.00075057,-0.00054460,-0.01955480,0.00155604
2020-08-03,0.00000139,0.00500972,0.00301382,-0.00078900,-0.01183812
2020-08-04,0.00000141,0.00501524,0.00269119,-0.01245140,-0.00176243
2020-08-05,0.00000000,0.01498189,0.00147597,0.00340689,-0.00265041
2020-08-06,0.00000000,-0.00123130,-0.00146576,0.00778155,-0.00781059
2020-08-09,0.00000000,0.00000002,-0.00004416,0.00615177,-0.00739995
2020-08-10,0.00000270,0.00062308,0.00326955,0.00229175,-0.00448925
2020-08-11,0.00000196,0.01109814,0.00766100,0.01723006,-0.02181975
2020-08-12,0.00000139,0.00745634,0.00355859,0.00167202,0.00548440
2020-08-13,0.00000141,-0.00510515,0.00527158,0.00273030,0.00153076
2020-08-16,0.00000612,0.01266092,0.00837968,0.00637889,-0.00788008
2020-08-17,0.00000127,0.00003837,0.00019609,0.00628798,0.00467010
2020-08-18,0.00000128,-0.00581705,0.01048942,-0.00858514,0.00385345
2020-08-19,0.00000000,-0.01025387,-0.00381220,-0.00144622,0.00296797
2020-08-20,0.00000263,-0.01403435,0.00187204,-0.01200371,0.02482284
2020-08-23,0.00000400,0.01513353,-0.00280216,0.00088024,-0.01282416
2020-08-24,0.00000139,-0.00256394,0.00217706,0.00429716,0.00232073
2020-08-25,0.00000141,0.00361773,0.00217932,0.01302070,-0.01445541
2020-08-26,0.00000143,0.00913742,0.00484151,0.00775621,-0.01351940
2020-08-27,0.00000145,-0.01086870,0.00801514,0.00044327,0.00313576
2020-08-30,0.00000441,-0.00120639,0.00766699,0.01395310,-0.01228431
2020-08-31,0.00000154,-0.00912625,-0.00192793,-0.00292753,0.00712730
2020-09-01,0.00000000,-0.00061349,0.00544161,-0.00010927,0.00591244
2020-09-02,0.00000159,-0.00391854,0.00001394,-0.00021184,-0.00500364
2020-09-03,0.00000000,-0.03091660,0.00480318,0.00113766,0.01814986
2020-09-06,0.00000414,0.00201433,0.00154722,0.00272105,-0.00460789
2020-09-07,0.00000000,0.00316282,0.00356506,-0.00200050,0.01095068
2020-09-08,0.00000118,-0.01511308,0.00298626,0.00113501,0.00484586
2020-09-09,0.00000238,0.00090356,0.00661925,-0.00828044,0.02062454
2020-09-10,0.00000120,-0.01328922,0.00403190,-0.01431520,0.01250188
2020-09-13,0.00000366,0.00134854,-0.00615416,-0.00278299,0.00348756
2020-09-14,0.00000253,0.01812948,0.00302257,0.00279517,-0.00015476
2020-09-15,0.00000256,0.00372828,0.00800613,0.00410660,0.00426705
2020-09-16,0.00000260,-0.00021012,-0.00027935,-0.00512958,0.00395080
2020-09-17,0.00000132,-0.00675600,0.00472870,0.00734838,0.00358358
2020-09-21,0.00001067,-0.00895556,0.00240871,-0.00352596,0.00261960
2020-09-22,0.00000141,0.00343063,0.00981094,0.00806717,-0.00864536
2020-09-23,0.00000143,-0.01429727,0.01051181,-0.00289419,0.00933292
2020-09-24,0.00000145,-0.01533345,-0.00285913,0.00243831,-0.00407215
2020-09-29,0.00000000,0.02252537,0.00420774,0.00323085,0.00560249
2020-09-30,0.00000317,0.01115230,-0.00531644,0.01222784,-0.00540831
2020-10-01,0.00000161,0.00688965,-0.00181770,-0.01117773,-0.02121704
2020-10-04,0.00000492,0.01003083,0.00806541,-0.00602729,-0.03376014
2020-10-05,0.00000164,0.01077645,0.00068737,0.01345527,-0.01318590
2020-10-06,0.00000164,0.00145146,-0.00320674,0.00698441,-0.00352561
2020-10-07,0.00000164,-0.00187887,0.00346350,0.00497154,0.00533353
2020-10-08,0.00000164,0.01122857,-0.01458349,0.00260729,-0.00968984
2020-10-11,0.00000674,0.00449334,-0.00867856,-0.00522950,0.00702778
2020-10-12,0.00000116,0.00031783,0.00394427,-0.00649023,0.00620339
2020-10-13,0.00000000,-0.00487664,0.01323822,-0.00231147,0.00478387
2020-10-14,0.00000000,0.00389323,0.00107285,0.00902271,-0.00875678
2020-10-15,0.00000000,-0.00957724,0.00672817,0.00279469,-0.00578670
2020-10-18,0.00000000,0.00655412,0.00257783,-0.00114559,-0.00182301
2020-10-19,0.00000127,0.00096612,-0.00024006,0.00285736,0.00528270
2020-10-20,0.00000000,-0.00265361,-0.00810949,-0.00802977,0.00065131
2020-10-21,0.00000130,-0.00229430,0.00109059,-0.00368875,-0.00089848
2020-10-22,0.00000132,-0.00611770,0.00016030,0.00685104,-0.00039659
2020-10-25,0.00000000,0.01184689,-0.00623069,0.00576450,-0.01236764
2020-10-26,0.00000139,-0.01078678,-0.00235142,0.01179152,-0.00873840
2020-10-27,0.00000000,-0.00567738,0.00563063,-0.00140168,0.00543862
2020-10-28,0.00000143,-0.02514221,0.00580420,-0.00159916,0.00305040
2020-10-29,0.00000145,0.01482418,-0.00853190,-0.00592483,0.00440198
2020-11-01,0.00000441,-0.00188801,0.00705367,0.00178026,-0.00799644
2020-11-02,0.00000000,0.01519062,-0.00191773,0.00248278,-0.00308798
2020-11-03,0.00000000,0.00449238,0.00258490,-0.00480114,-0.00469423
2020-11-04,0.00000000,0.01050045,-0.00811040,-0.00572042,-0.00334505
2020-11-05,0.00000161,0.00318775,-0.00576365,-0.00598450,-0.00032758
2020-11-08,0.00000160,0.00714991,0.00479987,0.00693405,0.00391563
2020-11-09,0.00000116,0.03034513,-0.02293881,0.05089779,-0.08315262
2020-11-10,0.00000118,-0.00966585,-0.00077784,0.01888545,-0.02706543
2020-11-11,0.00000119,0.00714258,0.00147188,0.00269740,-0.00707440
2020-11-12,0.00000120,-0.00178534,0.00412175,-0.00291134,0.00615084
2020-11-15,0.00000366,0.00361605,0.00321225,0.00579113,-0.00036902
2020-11-16,0.00000000,0.00604764,-0.00347643,0.01687460,-0.01540749
2020-11-17,-0.00000128,-0.00410446,-0.00538727,0.01580336,-0.01211840
2020-11-18,0.00000130,0.00789132,0.01047851,-0.00041456,-0.00530611
2020-11-19,0.00000132,-0.00648847,0.00036368,-0.00251809,-0.00885123
2020-11-22,0.00000400,0.00425326,-0.00612308,-0.00021687,0.00750876
2020-11-23,0.00000000,0.01782914,-0.00123150,0.00434295,-0.00339408
2020-11-24,0.00000141,0.01053509,0.00097182,0.01315046,-0.01427280
2020-11-25,0.00000143,-0.00438106,-0.00050498,-0.00214245,-0.01192492
2020-11-26,0.00000145,0.01128624,-0.00283301,0.00009801,-0.00768053
2020-11-29,0.00000441,-0.00293933,0.00116939,-0.01233691,0.00785962
2020-11-30,0.00000154,-0.01154114,-0.00313259,-0.00357264,0.00157954
2020-12-01,0.00000000,-0.00346897,0.01053463,0.01622186,0.01183018
2020-12-02,0.00000000,-0.01840829,0.00278104,-0.00382071,0.01192706
2020-12-03,0.00000161,0.00771286,0.00353079,-0.00416066,0.00783846
2020-12-06,0.00000246,0.02060805,-0.00121928,0.01786795,-0.02353158
2020-12-07,0.00000233,-0.00453444,0.00534700,0.00897486,0.00156120
2020-12-08,0.00000118,-0.00332170,0.00271469,0.01185257,0.00829526
2020-12-09,0.00000119,0.01277569,-0.00645168,0.01793291,-0.01768513
2020-12-10,0.00000120,-0.00636607,-0.00304829,0.00356728,-0.00706929
2020-12-13,0.00000366,0.00861646,0.00332962,0.00579224,-0.00132856
2020-12-14,0.00000127,0.01066102,0.00409079,0.00568539,-0.00676769
2020-12-15,0.00000128,-0.00803872,-0.00096584,0.00295206,0.00738451
2020-12-16,0.00000130,-0.00100400,0.00942054,0.00224729,-0.00460229
2020-12-17,0.00000263,0.00200950,-0.00080920,-0.00816027,-0.00137376
2020-12-20,0.00000400,-0.00911566,0.00033194,-0.00714994,0.01892486
2020-12-21,0.00000139,-0.02093921,0.00577497,-0.01571874,0.02325626
2020-12-22,0.00000000,0.01338745,0.00217923,-0.00123850,-0.00119219
2020-12-23,0.00000143,0.00209861,0.01809589,0.01112162,0.01573834
2020-12-24,0.00000145,0.01170568,-0.00995294,-0.00342007,-0.01333052
2020-12-27,0.00000441,0.01852521,-0.00821368,0.00683856,-0.01904741
2020-12-28,0.00000154,-0.00123093,0.00584997,0.00501793,-0.00876949
2020-12-29,0.00000156,-0.00363973,0.00019666,0.00424340,-0.00869589
2020-12-30,0.00000159,0.01319170,-0.00352527,0.01473703,-0.01150669
2020-12-31,0.00000161,0.00006107,-0.00019721,-0.00018620,-0.00377330
2021-01-03,0.00000984,0.00649865,0.00334561,0.00114835,-0.00779996
2021-01-04,0.00000328,-0.00605620,0.01007372,0.00188014,0.00269621
2021-01-05,0.00000328,-0.00721984,0.00358876,-0.00240674,0.00429407
2021-01-06,0.00000328,0.00843958,-0.00809661,-0.00558949,-0.00028461
2021-01-07,0.00000328,0.01463830,-0.01424382,0.00190563,-0.00468062
2021-01-10,-0.00001011,0.01748227,-0.00032172,0.00673955,-0.00929152
2021-01-11,-0.00000349,-0.00332860,0.00615855,0.00248095,-0.00064818
2021-01-12,-0.00000235,0.00475243,-0.00079345,0.00647102,-0.00134511
2021-01-13,-0.00000119,0.00734495,-0.00023701,0.01099852,0.00274981
2021-01-14,0.00000000,0.00248322,0.00972340,-0.00579592,0.00296518
2021-01-17,0.00000000,-0.00027156,0.01056913,-0.00786965,0.00716365
2021-01-18,-0.00000127,0.00569715,0.00357633,-0.00129244,0.00233444
2021-01-19,-0.00000128,0.00527060,0.00159969,0.00060719,-0.00212758
2021-01-20,-0.00000130,0.01157135,-0.00524094,-0.00566416,0.01071445
2021-01-21,-0.00000395,-0.01146253,0.00641385,0.00227086,-0.00292755
2021-01-24,-0.00000800,-0.01206951,0.01648161,-0.00329708,0.00550170
2021-01-25,-0.00000833,0.00388134,0.00539465,-0.00435754,0.00862503
2021-01-26,-0.00000141,-0.00159338,0.00165967,0.00443728,0.00761001
2021-01-27,-0.00000143,-0.00396341,-0.00174228,0.00489241,-0.00795633
2021-01-28,-0.00000290,0.00466112,-0.00623393,-0.00376528,0.00176421
2021-01-31,-0.00000441,-0.01149181,0.00052054,-0.00480688,-0.00172509
2021-02-01,-0.00000308,0.01336463,0.00001451,-0.00347197,0.00681092
2021-02-02,-0.00001249,0.01000914,0.01638767,-0.01125549,-0.00144210
2021-02-03,0.00000159,-0.00200850,0.01246754,-0.00782083,-0.00742643
2021-02-04,0.00000000,-0.00322649,0.00679579,0.00194432,-0.01052184
2021-02-07,-0.00000169,0.01251131,0.00808286,0.00164911,0.00280258
2021-02-08,-0.00000116,-0.00092242,0.01623155,-0.01519918,0.01836650
2021-02-09,0.00000000,0.00809139,0.01160793,0.00526062,0.00136966
2021-02-10,0.00000000,0.00033115,-0.00255373,0.00101614,-0.01119027
2021-02-11,-0.00000120,-0.01164214,0.00876896,0.00109772,0.01104665
2021-02-14,0.00000000,0.00116081,-0.00336121,-0.00654800,-0.00474418
2021-02-15,0.00000000,0.01060373,-0.00544006,0.00945147,0.00326517
2021-02-16,0.00000128,0.00042073,0.00551438,-0.00159313,0.00669550
2021-02-17,-0.00000130,-0.01217274,-0.00846832,-0.00219276,0.00054530
2021-02-18,-0.00000132,-0.01375873,-0.01083462,-0.00587396,-0.00899298
2021-02-21,0.00000000,0.01308917,-0.01121316,0.00250272,-0.00054255
2021-02-22,0.00000000,-0.01093005,0.00111775,0.00069095,-0.00070068
2021-02-23,0.00000000,-0.02391002,-0.02569837,0.01090177,-0.02081645
2021-02-24,0.00000143,0.00554554,0.01257376,0.00250381,-0.00137443
2021-02-25,-0.00000145,-0.00328126,0.00235307,-0.00661463,0.00763901
2021-02-28,0.00000000,-0.00292029,-0.00823919,-0.00825779,0.00692599
2021-03-01,-0.00000154,0.01499604,0.00595698,-0.00282260,0.00940836
2021-03-02,0.00000000,0.00230009,0.00802194,0.01866315,0.00481120
2021-03-03,-0.00000159,-0.00931772,-0.00189405,-0.00101825,-0.00643637
2021-03-04,0.00000000,-0.00827526,-0.00885599,0.00256006,-0.02245759
2021-03-07,-0.00000583,0.01155951,-0.00876390,-0.00275755,-0.01300837
2021-03-08,0.00000000,-0.00809793,0.00182355,0.00424945,0.00173177
2021-03-09,-0.00000235,0.01398876,0.00228752,0.00251576,0.01333172
2021-03-10,-0.00000238,0.00301291,0.00640274,-0.00111841,0.00368924
2021-03-11,-0.00000241,0.01277360,-0.00447046,-0.00890887,-0.00513473
2021-03-14,-0.00001097,0.00338141,0.01112415,-0.00084705,0.00487621
2021-03-15,-0.00000506,-0.00003172,-0.00235069,0.00229577,-0.00517734
2021-03-16,-0.00000128,0.00431151,0.00248065,-0.00228040,-0.00072092
2021-03-17,-0.00000260,-0.01132149,0.00232571,0.00321844,-0.00070118
2021-03-18,-0.00000263,0.00201902,0.01098468,0.01229079,0.01288423
2021-03-21,-0.00000400,-0.00054513,-0.00043053,0.00180169,-0.00204181
2021-03-22,0.00000139,0.01199937,-0.00491168,0.00168692,-0.00619103
2021-03-24,0.00000000,-0.00490802,-0.00555700,0.00277975,-0.01770816
2021-03-25,0.00000145,-0.01497733,-0.00456029,0.00398066,-0.01699053
2021-03-29,-0.00000588,0.01781670,0.00218473,-0.00842130,0.00036364
2021-03-30,-0.00000156,-0.00411145,-0.00007814,0.00368615,-0.00592699
2021-03-31,-0.00000159,0.00083611,-0.00194125,0.00508225,0.00766361
2021-04-01,-0.00000161,0.00638445,0.01333601,-0.00413479,0.01067235
2021-04-04,-0.00000984,0.01295853,-0.00360932,-0.00783208,-0.00099947
2021-04-05,-0.00000328,-0.00167775,-0.00271599,0.00040178,0.00378072
2021-04-06,-0.00000328,-0.00175974,-0.00174202,0.00098292,-0.00701202
2021-04-07,-0.00000328,0.00184924,0.00228154,0.00014960,0.00122064
2021-04-08,-0.00000328,0.00330153,-0.00543937,0.00207399,-0.00846556
2021-04-11,0.00000337,0.00684458,-0.00452984,0.00258755,0.00126737
2021-04-12,0.00000000,-0.00662050,0.00286767,0.00551753,-0.00162718
2021-04-13,0.00000000,0.00143323,0.00404337,0.00775422,-0.00021601
2021-04-18,0.00000000,0.00696980,-0.01007938,0.00484083,-0.00719366
2021-04-19,0.00000127,-0.00047841,-0.00184025,0.01374956,-0.01414556
2021-04-20,0.00000128,-0.00357080,0.00140914,0.01195581,-0.01207422
2021-04-21,0.00000130,-0.00381797,0.00050549,-0.00513652,0.00195137
2021-04-22,0.00000000,0.00256065,0.00339491,-0.00325416,0.00671207
2021-04-25,0.00000400,0.00214271,0.00198935,-0.00471917,0.00221458
2021-04-26,0.00000139,0.00080673,0.00579030,-0.00219877,0.00236218
2021-04-27,0.00000141,-0.00042042,0.01042734,0.00351636,0.00410799
2021-04-28,0.00000143,0.00307946,-0.00611850,0.00033876,-0.01396474
2021-04-29,0.00000145,0.00622662,0.00568694,0.00148858,0.00354147
2021-05-02,0.00000441,0.00036007,0.00029542,0.00795179,0.00396341
2021-05-03,0.00000000,0.01180513,0.00494149,0.00288071,0.00322477
2021-05-04,0.00000156,-0.00961285,-0.00498752,0.01069964,-0.00467439
2021-05-05,0.00000159,0.00833860,-0.00222790,0.00436558,-0.00322878
2021-05-06,0.00000161,-0.00436298,-0.01006114,0.00774949,-0.00610709
2021-05-09,0.00000414,0.00694849,0.00378509,-0.00266950,0.00574515
2021-05-10,0.00000233,-0.00474265,0.00108219,0.00008480,-0.00617531
2021-05-11,0.00000000,-0.01844709,0.00400438,-0.01360694,-0.00327376
2021-05-12,0.00000119,0.00251894,0.00555486,-0.00687673,0.00233944
2021-05-13,0.00000000,0.00690803,-0.00228085,0.00473822,-0.00533258
2021-05-18,0.00000610,0.01343286,0.00211406,0.00635455,0.00218785
2021-05-19,0.00000130,-0.00659015,-0.00137284,-0.00356833,-0.00716863
2021-05-20,0.00000000,0.01701582,-0.00055965,-0.00498051,0.00731584
2021-05-23,0.00000000,0.01323401,0.00877746,0.01050319,0.00822955
2021-05-24,0.00000139,-0.00111660,-0.00139198,-0.00065002,-0.00021899
2021-05-25,0.00000141,-0.00371581,0.00008372,-0.00135872,0.01136003
2021-05-26,0.00000143,0.00178035,-0.01188544,0.00484354,-0.00790413
2021-05-27,0.00000000,-0.00035467,-0.00282931,-0.00912423,-0.00443546
2021-05-30,0.00000441,0.00497169,0.00373964,-0.00043508,0.00566153
2021-05-31,0.00000000,-0.00560978,-0.00090755,-0.00164987,-0.00686357
2021-06-01,0.00000000,-0.00715820,0.00563330,0.00125848,-0.00019243
2021-06-02,0.00000000,0.00141723,0.00091847,0.00270941,0.00366142
2021-06-03,0.00000000,-0.00883858,-0.00304999,-0.00362363,-0.00408503
2021-06-06,0.00000492,0.00538683,0.00350003,0.00060531,0.00557684
2021-06-07,0.00000115,0.00065739,0.00607261,0.00703456,0.00708685
2021-06-08,0.00000116,-0.00206244,0.00709386,-0.00078977,0.00615385
2021-06-09,0.00000118,-0.00108685,0.00454670,-0.00373565,0.00100351
2021-06-10,0.00000119,0.00397209,-0.00041931,-0.00169946,0.00114810
2021-06-13,0.00000361,0.01025482,-0.00453089,0.00488944,-0.00188951
2021-06-14,0.00000125,0.00180783,0.00284026,-0.00066267,-0.00070574
2021-06-15,0.00000127,-0.00372078,-0.00287354,-0.00078455,0.00097620
2021-06-16,0.00000128,-0.00149654,-0.00298797,0.00478617,-0.00160381
2021-06-17,0.00000130,-0.00712248,0.00211331,0.00529166,0.00501153
2021-06-20,0.00000395,-0.00793582,0.00264834,-0.01443271,-0.00705961
2021-06-21,0.00000000,0.00597745,-0.00154422,0.00274572,-0.00235343
2021-06-22,0.00000139,0.00358218,-0.00259497,-0.00459729,-0.00508209
2021-06-23,0.00000141,0.00280442,0.00270727,-0.00934996,0.00156886
2021-06-24,0.00000000,-0.00197357,0.00158498,-0.00903641,-0.00576350
2021-06-27,0.00000000,-0.00029914,-0.00245257,-0.00128137,-0.00466560
2021-06-28,0.00000000,0.00359632,0.00414403,-0.00022904,0.00615910
2021-06-29,0.00000000,-0.00171822,0.00092494,0.00476455,0.00924890
2021-06-30,0.00000000,-0.00186407,-0.00187330,0.00107023,0.00120032
2021-07-01,0.00000000,0.00068324,0.00188421,0.00612158,-0.00483245
2021-07-04,0.00000484,0.00081709,0.00065439,-0.00013070,0.00094708
2021-07-05,0.00000161,0.00081546,-0.00000920,-0.00502067,0.00214920
2021-07-06,0.00000161,-0.00236477,0.00285847,0.00229905,0.00398138
2021-07-07,0.00000161,0.00616562,-0.01009222,-0.00061347,0.00003878
2021-07-08,0.00000161,-0.02085794,-0.00353807,-0.00012923,-0.00657122
2021-07-11,-0.00000337,0.01555532,0.00058599,0.00190422,0.00485163
2021-07-12,-0.00000116,-0.00356864,-0.00299952,-0.00081554,-0.00409276
2021-07-13,0.00000000,-0.00145059,-0.00489201,0.00464951,0.00736219
2021-07-14,0.00000000,-0.00264840,-0.00320987,-0.00112800,0.00755957
2021-07-15,-0.00000120,-0.00971606,-0.00324465,0.00810703,0.00290143
2021-07-19,-0.00000488,-0.02880967,-0.00423759,-0.00253797,-0.02410115
2021-07-20,-0.00000128,0.01293214,-0.00039115,-0.00715934,0.00416331
2021-07-21,0.00000000,0.01509088,-0.00124981,-0.00469753,0.00946631
2021-07-22,-0.00000132,0.00147445,0.00409371,-0.00174308,0.00166624
2021-07-25,0.00000000,0.01035570,0.00305907,0.00412976,0.01057079
2021-07-26,0.00000000,-0.00360028,0.00149522,-0.00138708,0.00165171
2021-07-27,0.00000000,-0.00588187,-0.00219719,0.01403009,-0.00104845
2021-07-28,0.00000143,0.01126997,-0.00506479,-0.00004543,-0.00590658
2021-07-29,0.00000000,0.00451943,-0.00317685,0.00228636,0.00149303
2021-08-01,0.00000000,0.00120539,0.00013474,0.00536771,0.01185368
2021-08-02,-0.00000154,0.01032392,-0.00377650,0.00545110,0.00441345
2021-08-03,0.00000156,-0.01459667,0.00285406,-0.00386527,-0.01141375
2021-08-04,-0.00000317,0.00026055,-0.00075021,-0.00334508,-0.00058336
2021-08-05,-0.00000161,-0.00305957,-0.00058121,0.00062876,-0.00966790
2021-08-08,-0.00000169,-0.00007954,0.00555363,-0.00703503,0.00557376
2021-08-09,0.00000000,-0.00586425,-0.00112263,-0.01058583,-0.00225054
2021-08-10,0.00000000,0.00967312,-0.00320870,0.00020909,0.00936911
2021-08-11,0.00000119,0.00034064,-0.00297858,0.00471184,0.00624078
2021-08-12,-0.00000120,0.00747619,0.00205771,0.00246412,0.00262440
2021-08-15,-0.00000366,0.00262570,0.00072760,0.00132518,0.01587314
2021-08-16,0.00000000,-0.00886107,-0.00604085,0.01075153,-0.00302030
2021-08-17,0.00000000,-0.00264855,-0.00505474,0.00189644,-0.00594587
2021-08-18,0.00000130,0.01372313,-0.00664720,0.00891900,0.00175125
2021-08-19,-0.00000132,0.00056399,-0.00447166,0.00158987,-0.00526105
2021-08-22,-0.00000800,0.00437882,-0.00039363,0.00364363,0.00349052
2021-08-23,-0.00000278,0.00831808,0.00257193,-0.00208696,0.00360731
2021-08-24,0.00000141,0.00820532,-0.00096160,-0.00153704,0.00487964
2021-08-25,0.00000143,0.00802748,-0.00640237,-0.00172716,-0.00343260
2021-08-26,0.00000145,-0.00338522,0.00373340,-0.00630672,-0.00161777
2021-08-29,0.00000441,0.00712881,-0.00396804,-0.00555524,0.00683611
2021-08-30,0.00000000,-0.00119176,-0.00282821,0.00423561,0.00393500
2021-08-31,0.00000000,-0.00370768,0.00848136,-0.00431252,0.00204455
2021-09-01,0.00000000,0.00563138,-0.00311354,0.00026085,0.00198116
2021-09-02,-0.00000323,-0.00256116,-0.00633209,0.00088229,-0.00110267
2021-09-05,0.00000000,0.00623739,-0.00018353,0.00226470,0.00932628
2021-09-09,0.00000000,0.00962753,-0.00572087,0.00971583,-0.00413669
2021-09-12,0.00000000,-0.00277320,0.00070552,-0.00251448,0.00396407
2021-09-13,0.00000116,0.00410631,-0.00217899,0.00895270,-0.00766092
2021-09-14,-0.00000118,0.00175012,-0.00399226,-0.00104961,-0.00021484
2021-09-19,0.00000610,0.00144008,0.00299033,-0.00104932,0.00406379
2021-09-22,0.00000380,-0.00473048,0.00355767,0.00516081,0.00507147
2021-09-23,0.00000132,0.00738953,-0.00341608,-0.00686523,0.00331821
2021-09-26,0.00000400,-0.00043558,0.00176667,0.00230251,0.00960576
2021-09-29,0.00000000,-0.00398599,-0.00126258,0.01215346,-0.00372096
2021-09-30,0.00000145,0.00021921,-0.00297947,0.01202497,-0.00834043
2021-10-03,0.00000441,0.00431467,-0.00052466,0.01358452,-0.00388218
2021-10-04,0.00000154,-0.01042336,0.00278227,0.00642638,-0.01033397
2021-10-05,0.00000156,0.00284141,-0.00535226,-0.00464565,0.00200402
2021-10-06,0.00000000,-0.01020809,-0.00000533,0.00420316,-0.00317804
2021-10-07,0.00000161,0.01027847,-0.00189236,-0.00331786,0.00598099
2021-10-10,0.00000414,0.00244333,-0.00051739,-0.00283679,0.00276160
2021-10-11,0.00000116,0.00850079,0.00122518,0.00580007,-0.00624643
2021-10-12,-0.00000118,0.00564685,-0.00164162,-0.00228762,-0.00236333
2021-10-13,0.00000119,0.00577426,-0.00077178,-0.00348842,-0.00351649
2021-10-14,0.00000000,0.00802889,0.00060060,0.00190752,-0.00025739
2021-10-17,0.00000366,0.00039727,-0.00259900,0.00472544,0.00254328
2021-10-18,0.00000000,-0.00446040,-0.00179654,-0.00184090,0.00197140
2021-10-19,0.00000128,0.00212175,0.00483653,0.00193689,-0.00151727
2021-10-20,-0.00000130,0.00189585,0.00153721,0.00589616,-0.00231599
2021-10-21,-0.00000132,0.00623285,0.00358080,0.00923739,0.00492374
2021-10-24,0.00000000,-0.00025292,0.00249229,-0.00707277,0.00068475
2021-10-25,0.00000139,0.00614664,-0.00206871,0.00309501,-0.00203362
2021-10-26,0.00000141,0.00325232,0.00445848,-0.00003558,0.00843647
2021-10-27,0.00000143,-0.00261049,0.00325546,0.00530222,0.00141882
2021-10-28,0.00000000,-0.00450269,0.00194899,0.00257583,0.00439698
2021-10-31,0.00000000,0.00449739,0.00272222,-0.00235948,-0.00348538
2021-11-01,0.00000154,0.00894370,-0.00071004,-0.00117047,0.00397240
2021-11-02,0.00000156,0.00859984,0.00615272,-0.00199330,-0.00112740
2021-11-03,0.00000159,0.00211135,0.00181903,0.00388659,0.00682462
2021-11-04,0.00000000,0.00297697,-0.00544571,0.00489112,-0.00214001
2021-11-07,0.00000588,0.00485074,-0.00092056,0.00136668,0.00936479
2021-11-08,0.00000233,0.00038968,0.00051738,0.00252491,0.00706358
2021-11-09,0.00000235,-0.00265144,0.00038248,-0.00292378,0.00645199
2021-11-10,0.00000238,-0.00583515,-0.00122049,-0.00679549,-0.00358695
2021-11-11,0.00000120,0.00551352,-0.00060923,-0.00622001,-0.00491603
2021-11-14,0.00000366,0.00822433,-0.00414869,0.00057217,0.01371217
2021-11-15,0.00000127,0.00055766,-0.00129810,-0.00034470,0.00588365
2021-11-16,0.00000000,-0.00194019,-0.00592573,0.00553565,0.00022747
2021-11-17,-0.00000130,-0.00258459,-0.00493830,0.00323269,0.00522538
2021-11-18,0.00000000,0.00230517,-0.00108043,0.00556299,0.00083320
2021-11-21,-0.00000400,-0.00264983,-0.00229763,0.00396287,-0.00146789
2021-11-22,0.00000000,0.00846743,-0.00511267,0.01153735,0.00188576
2021-11-23,0.00000000,-0.00684714,-0.00030036,0.00915193,0.00063503
2021-11-24,0.00000000,-0.00395701,0.00093697,0.00546108,0.00143930
2021-11-25,-0.00000435,0.00529021,-0.00040014,0.00108220,0.00632391
2021-11-28,-0.00000441,-0.01621670,-0.00260274,-0.01288416,-0.01379213
2021-11-29,-0.00000461,0.00657818,-0.00315730,-0.00038909,0.00099906
2021-11-30,-0.00000469,-0.00644917,0.00038630,0.00455554,0.00354522
2021-12-01,-0.00000635,0.01334801,-0.00042515,0.00767075,0.00203454
2021-12-02,-0.00000161,-0.01258523,0.00581640,0.01402011,-0.00995115
2021-12-05,-0.00001096,-0.00198126,-0.00318358,0.00778559,0.00300018
2021-12-06,-0.00000116,0.00824551,0.00100615,0.00928127,-0.00141079
2021-12-07,-0.00000588,0.01801121,-0.00050155,-0.01416760,0.01390580
2021-12-08,-0.00000238,-0.00175099,0.00491436,-0.00127815,0.00861753
2021-12-09,0.00000000,0.00017673,0.00074264,-0.00351175,0.00373568
2021-12-12,0.00000000,-0.00142200,-0.00457466,0.00560195,-0.00248936
2021-12-13,0.00000000,-0.00764005,0.00765660,0.00429800,0.00287561
2021-12-14,0.00000000,-0.00313673,0.00246109,0.01139420,-0.00425848
2021-12-15,0.00000000,0.00117567,0.00129192,0.00828601,-0.00116191
2021-12-16,-0.00000263,0.01205868,0.00650669,-0.00087060,0.00645165
2021-12-19,0.00000000,-0.00626690,0.00057294,-0.00209216,-0.00235012
2021-12-20,0.00000000,-0.01808972,-0.00206727,-0.00240481,-0.00857962
2021-12-21,0.00000141,0.01353739,-0.00004453,0.00104321,0.00786163
2021-12-22,0.00000143,0.01188755,-0.00521837,-0.00032446,0.00743443
2021-12-23,0.00000145,0.01269424,-0.00306095,-0.00029157,0.00689757
2021-12-26,0.00000000,0.00464224,0.00075500,0.00240952,0.00348936
2021-12-27,0.00000154,0.00143291,-0.00588716,0.00956427,-0.00400333
2021-12-28,0.00000000,0.00875145,-0.00159439,0.01477266,0.00303071
2021-12-29,0.00000000,-0.00320504,-0.00080605,0.00188133,-0.00152414
2021-12-30,0.00000161,0.00329925,0.00437915,-0.00155486,0.01011340
2022-01-02,0.00000000,0.00963093,0.00260828,-0.00457436,0.01145146
2022-01-03,0.00000000,0.00689479,0.00624776,0.00730826,0.00703739
2022-01-04,0.00000000,0.00097392,-0.00241043,0.00977597,0.00719978
2022-01-05,0.00000000,0.00730911,0.00374745,0.01063679,0.00083626
2022-01-06,0.00000000,-0.00870914,-0.00784017,0.01454391,0.00091394
2022-01-09,0.00000000,-0.00665421,-0.00122373,0.00594875,-0.00419919
2022-01-10,0.00000000,-0.00581482,-0.00381615,0.00675445,-0.00707323
2022-01-11,0.00000000,0.01867163,-0.00296305,0.00550308,-0.00196814
2022-01-12,0.00000119,0.01476179,-0.00294457,0.00191837,0.00638492
2022-01-13,0.00000120,0.00641654,-0.00333315,0.01278164,0.00902715
2022-01-16,0.00000366,-0.00616109,-0.00427320,0.00962367,0.00481532
2022-01-17,0.00000000,0.00142201,-0.00083032,0.00257449,0.00292533
2022-01-18,0.00000000,-0.01116806,-0.00121950,0.00075985,-0.00925492
2022-01-19,0.00000130,-0.00421438,0.00486333,0.00506004,0.00771679
2022-01-20,0.00000132,0.00504501,0.00327567,0.00820004,0.00349684
2022-01-23,0.00000400,-0.02833891,-0.00209478,0.00459992,-0.00013017
2022-01-24,0.00000000,-0.03674965,-0.01164214,-0.00162780,-0.01483812
2022-01-25,0.00000141,0.00498195,-0.00042474,-0.00211615,0.00434218
2022-01-26,0.00000000,0.02389340,0.00347677,0.00896892,0.00564020
2022-01-27,0.00000000,-0.00556391,0.00048608,0.00388558,0.00101371
2022-01-30,0.00000441,0.00632229,-0.00422840,0.01000124,-0.00461625
2022-01-31,0.00000154,0.00000106,0.00182691,-0.00787814,-0.00773785
2022-02-01,0.00000000,0.00434832,0.00771480,-0.00935501,0.00597462
2022-02-02,0.00000000,0.01217259,0.00097963,-0.00069308,0.01072056
2022-02-03,-0.00000161,-0.00777564,0.00225630,0.00891198,0.00467841
2022-02-06,-0.00000321,-0.00002641,-0.00313353,-0.00187071,0.00005803
2022-02-07,0.00000000,-0.00077331,-0.00049107,0.00153650,0.00128782
2022-02-08,0.00000000,-0.00287510,-0.00707674,0.00100088,-0.01040931
2022-02-09,-0.00000119,0.02120255,-0.00278506,-0.00000632,0.00215522
2022-02-10,0.00000000,0.00013899,-0.00072955,-0.00099922,-0.00320745
2022-02-13,-0.00000366,-0.03060496,-0.00287617,0.00487867,-0.00624341
2022-02-14,0.00000000,0.00854431,-0.01016348,0.00230447,0.00198753
2022-02-15,0.00000000,0.01036699,-0.00119128,0.00852583,0.01549889
2022-02-16,0.00000000,0.01158048,-0.00330343,0.00229163,0.01351589
2022-02-17,0.00000000,-0.00408306,-0.00271061,-0.00010249,0.00225655
2022-02-20,0.00000000,-0.00906157,-0.00570953,0.01146141,0.00701648
2022-02-21,0.00000000,0.00416958,-0.00233140,0.00183421,0.00382974
2022-02-22,0.00000000,0.00095317,-0.00422670,0.00175584,-0.00744957
2022-02-23,0.00000143,-0.00057196,-0.00054738,0.00742947,0.00520850
2022-02-24,0.00000000,-0.03149325,-0.00409085,-0.00022053,-0.00648604
2022-02-27,0.00000000,0.01700137,0.00630023,-0.00478324,-0.00053086
2022-02-28,0.00000154,0.00587723,0.00409104,-0.00402544,-0.00523050
2022-03-01,0.00000156,-0.00465326,0.01223764,-0.00736334,-0.00963115
2022-03-02,0.00000159,0.00497684,0.00067411,-0.00983058,0.00313302
2022-03-03,0.00000161,-0.00814696,0.00429123,-0.00133459,-0.00060410
2022-03-06,0.00000984,-0.00244364,-0.00578924,0.00604632,0.00950645
2022-03-07,0.00000328,-0.00818541,0.00558745,0.00262029,-0.00129414
2022-03-08,0.00000328,-0.01234021,-0.00647018,0.00412521,-0.00693658
2022-03-09,0.00000328,0.01885148,-0.00217398,-0.00693863,-0.00403341
2022-03-10,0.00000328,-0.00531962,0.00837787,-0.00523531,0.01077492
2022-03-13,0.00000674,-0.01488432,-0.00419677,0.00002989,0.01305941
2022-03-14,0.00000233,0.00249072,0.00410011,0.03173846,0.01010519
2022-03-15,0.00000235,0.00125069,-0.01060776,0.00359134,-0.00552918
2022-03-16,0.00000000,0.01682285,-0.01167967,-0.01371201,-0.00866915
2022-03-20,0.00000000,0.02334029,0.00038328,-0.00177751,-0.00016625
2022-03-21,0.00000253,0.00034349,-0.00122798,0.00962964,0.00639695
2022-03-22,0.00000256,0.00916476,-0.00320593,0.00181889,0.00303634
2022-03-23,0.00000130,0.00157886,0.00062785,0.01667159,0.00748295
2022-03-24,0.00000395,0.00399806,0.00530295,0.01167445,0.00686558
2022-03-27,0.00000800,-0.00220441,0.00410751,0.00744379,-0.01034220
2022-03-28,0.00000278,-0.00065602,-0.00020902,0.00231197,-0.00971604
2022-03-29,0.00000141,0.00347517,0.00097926,-0.00054993,0.00429367
2022-03-30,0.00000286,-0.00078839,-0.00309728,0.00151490,-0.00845938
2022-03-31,0.00000000,-0.00733175,0.00996730,0.00419284,0.01251477
2022-04-03,0.00000441,0.00701295,0.00393973,0.00981166,0.00067095
2022-04-04,0.00000308,0.01078052,-0.00465659,-0.00182104,0.00327684
2022-04-05,0.00000000,0.00732627,0.00716446,0.01189965,-0.00498299
2022-04-06,0.00000000,-0.01571156,0.00397404,-0.00035280,-0.00385577
2022-04-07,0.00000484,-0.00129472,0.00096437,-0.00200623,0.00141697
2022-04-10,0.00000941,-0.00060639,0.00057155,0.00926930,0.00442298
2022-04-11,0.00000233,-0.00745113,-0.00161985,0.00682420,0.00795390
2022-04-12,0.00000353,0.00274587,-0.00237525,0.00189633,0.00184557
2022-04-13,0.00000357,-0.00143627,-0.00138816,0.00947694,-0.00018053
2022-04-14,0.00000241,0.00602882,0.00005006,0.00156988,0.00070657
2022-04-17,0.00000732,0.00354759,-0.00222591,0.00555871,0.00672852
2022-04-18,0.00000380,0.00164874,-0.00096032,-0.00373129,0.00010072
2022-04-19,0.00000385,0.00642807,-0.00102702,0.00560746,0.01302740
2022-04-20,0.00000390,0.00609603,-0.00189683,-0.00035020,0.00251594
2022-04-24,0.00001579,-0.01584526,-0.00149933,0.00642668,0.01031877
2022-04-25,0.00000556,-0.00676967,-0.00780693,-0.00986071,-0.00780971
2022-04-26,-0.00000141,0.00029616,0.00332070,0.00931221,0.00837332
2022-04-27,0.00000000,-0.00733991,-0.00260185,0.01199491,0.00406353
2022-04-28,0.00000000,0.01108261,0.00289519,0.00394689,0.00897857
2022-05-01,0.00000000,-0.01720456,-0.00102747,-0.00683099,-0.01015450
2022-05-02,0.00000154,-0.02794264,0.00372320,-0.00372551,-0.01075274
2022-05-03,0.00000000,-0.00070223,0.00498060,0.00083610,-0.00562385
2022-05-08,-0.00002381,-0.02776400,-0.01053106,-0.00790818,-0.00503916
2022-05-09,-0.00000233,-0.01647400,-0.00439451,0.00164309,0.00179222
2022-05-10,-0.00000470,0.00715709,-0.00199051,0.00148570,0.00397954
2022-05-11,-0.00000238,0.00896855,0.00371487,0.01720716,0.01515210
2022-05-12,-0.00000602,-0.01298507,0.00109466,0.00116282,-0.00290723
2022-05-15,0.00000366,0.00970808,0.00691002,-0.00714970,-0.01213758
2022-05-16,0.00000000,0.00454380,0.00088907,0.00380625,-0.00106260
2022-05-17,-0.00000256,0.01650261,-0.00673447,0.00670229,0.01246945
2022-05-18,0.00000130,-0.00476041,-0.00786649,-0.00923940,-0.00997953
2022-05-19,-0.00000132,-0.02792960,-0.00145214,-0.00101167,-0.01108005
2022-05-22,0.00000400,0.01030728,0.00581314,-0.01143041,-0.00432783
2022-05-23,0.00000139,0.00387335,-0.01132428,0.00271256,0.00299978
2022-05-24,0.00000564,-0.02624956,-0.00332508,0.00826552,-0.00458804
2022-05-25,0.00001000,-0.01487199,-0.00173260,-0.00739532,-0.00839831
2022-05-26,0.00000000,0.02597408,-0.00930376,-0.00091882,0.00717280
2022-05-29,0.00001765,0.02436914,-0.00170540,-0.01028265,-0.00398391
2022-05-30,0.00000616,-0.00704017,0.00818151,0.00028182,0.00439001
2022-05-31,-0.00000469,-0.00386240,0.00385448,0.00428595,0.00332147
2022-06-01,0.00000476,0.01118931,0.00537532,0.00128256,0.00170443
2022-06-02,0.00000484,-0.01179074,0.00527474,-0.00837483,-0.00769732
2022-06-06,0.00001967,0.00662723,-0.00204534,-0.01054562,-0.00156293
2022-06-07,0.00000492,-0.01268082,0.00036540,0.00342493,0.00317253
2022-06-08,0.00000492,0.00574663,-0.00059632,0.00051771,-0.00205131
2022-06-09,0.00000492,-0.01375371,0.00306827,-0.00208464,0.00571406
2022-06-12,0.00006411,-0.03593859,0.00322835,-0.00489775,0.00589288
2022-06-13,0.00001978,-0.02251974,-0.00372583,0.00274308,-0.00103037
2022-06-14,0.00001530,0.00761396,-0.00542277,0.00318797,0.00389191
2022-06-15,0.00000238,0.01501865,0.00102492,0.00059470,0.00580950
2022-06-16,0.00000964,-0.02480682,0.00041658,-0.00509930,-0.00134095
2022-06-19,0.00000000,0.01378912,0.00015906,-0.00741833,-0.01250174
2022-06-20,0.00000506,0.00649697,0.00763150,0.00056953,0.00649423
2022-06-21,0.00000641,0.01966090,-0.00350043,-0.00042675,0.00708113
2022-06-22,0.00001559,0.00142312,-0.00561469,-0.01200037,-0.00759527
2022-06-23,0.00000790,-0.00625191,-0.00081830,-0.01123633,-0.01101746
2022-06-26,0.00002801,0.02155063,-0.00266707,-0.00369089,-0.00059226
2022-06-27,0.00001390,-0.00492848,0.00338491,0.00296897,0.00360143
2022-06-28,0.00001268,0.01011914,0.00237010,0.00071623,0.00005227
2022-06-29,0.00001143,-0.00202508,-0.00474386,0.01248515,0.01298267
2022-06-30,0.00001015,-0.02068370,0.01624037,-0.00224715,-0.00827363
2022-07-03,0.00002648,0.01555719,-0.00852497,-0.00832915,-0.01262920
2022-07-04,0.00000923,-0.00441457,0.00213830,-0.00607800,-0.00864138
2022-07-05,0.00000938,-0.01016669,0.00416958,-0.00536123,-0.00873546
2022-07-06,0.00001906,-0.00123422,0.00516419,-0.01058084,-0.01893617
2022-07-07,0.00001291,0.01779707,-0.00395144,0.01030526,0.00563472
2022-07-10,0.00003936,0.01051968,-0.00220720,0.00192326,-0.00040135
2022-07-11,0.00001478,-0.00615376,-0.00099364,0.00419858,0.00613756
2022-07-12,0.00001380,0.00124398,-0.00178881,0.00168012,-0.00043150
2022-07-13,0.00002095,-0.00532016,-0.00171549,0.00600868,0.01694121
2022-07-14,0.00002355,-0.00774105,0.00169301,0.00610116,0.00288217
2022-07-17,0.00008224,0.01382478,-0.00308523,0.00271717,0.00756121
2022-07-18,0.00002843,0.01016803,-0.00612968,0.00026231,0.00504492
2022-07-19,0.00002753,-0.00116333,-0.00757584,0.00245954,0.00167569
2022-07-20,0.00002534,0.01013808,-0.00434875,-0.00171544,-0.00746245
2022-07-21,0.00002952,0.01073065,0.00342926,-0.00613628,-0.00554130
2022-07-24,0.00009362,-0.00301462,0.00089284,-0.00009880,0.00893217
2022-07-25,0.00003383,-0.00455435,0.00069885,0.00636897,0.00969363
2022-07-26,0.00003154,-0.00647076,0.00112830,0.00525175,0.00235536
2022-07-27,0.00003477,0.00618649,0.00018529,0.01027042,-0.01343388
2022-07-28,0.00002961,0.00614205,-0.00188067,0.00300045,-0.00355718
2022-07-31,0.00008151,0.01356262,-0.00297797,-0.00395954,-0.00202713
2022-08-01,0.00002390,-0.00376785,-0.00181285,0.01041875,-0.00010016
2022-08-02,0.00002882,-0.00842601,0.00279601,0.00341825,-0.00824273
2022-08-03,0.00002309,0.00817006,0.00293282,0.00490299,-0.00138781
2022-08-04,0.00002659,0.00146563,0.00276658,0.00207979,0.00016829
2022-08-08,0.00012258,0.01731529,-0.00373781,-0.00213211,-0.00375711
2022-08-09,0.00003299,-0.00248707,-0.00009785,0.01302854,0.01151013
2022-08-10,0.00003219,0.01906778,-0.00667017,0.00884055,0.00287361
2022-08-11,0.00003378,0.00891393,-0.00398324,0.00306638,-0.00406610
2022-08-14,0.00010259,0.00267151,0.00337435,-0.00179201,-0.00149508
2022-08-15,0.00003676,0.00155211,-0.00714446,-0.00898783,-0.00874575
2022-08-16,0.00003338,-0.00123517,-0.00780637,0.00181794,0.00042045
2022-08-17,0.00003772,-0.00926944,-0.00570386,0.00470152,0.01502147
2022-08-18,0.00003953,0.01221531,-0.00763380,0.00835432,0.00466488
2022-08-21,0.00012420,-0.00720552,0.00125361,-0.00944505,-0.00328310
2022-08-22,0.00004034,-0.01030420,-0.00269141,0.00423100,0.00589329
2022-08-23,0.00004091,0.00677583,-0.00839590,0.00126004,0.00781707
2022-08-24,0.00004722,0.01384896,-0.00667593,0.00574148,0.00885971
2022-08-25,0.00004645,-0.00201327,0.00677166,-0.00027889,0.00077654
2022-08-28,0.00014141,-0.01419778,0.00875668,-0.00141000,0.01161877
2022-08-29,0.00004314,-0.00066331,-0.00211019,0.00594647,0.00639152
2022-08-30,0.00004695,-0.00199292,0.00317725,0.00007894,-0.00853830
2022-08-31,0.00004610,-0.00038631,0.00365294,-0.00353975,-0.00210613
2022-09-01,0.00004523,-0.00727917,0.00153315,-0.00267421,0.00388638
2022-09-04,0.00013791,-0.00129482,-0.00236595,0.00479516,-0.00187162
2022-09-05,0.00004597,-0.00156260,0.00078349,-0.00211866,0.00185634
2022-09-06,0.00004597,-0.01002578,0.00056470,-0.00082055,0.00314825
2022-09-07,0.00004597,-0.00767897,0.00099259,-0.00225360,-0.00410289
2022-09-08,0.00004597,0.00800626,-0.00264285,-0.00563897,-0.00491179
2022-09-11,0.00014188,0.01397721,-0.00062862,-0.00487802,-0.00557555
2022-09-12,0.00005245,0.00357436,-0.00957644,0.00216379,-0.00096042
2022-09-13,0.00005306,-0.01361643,0.00503999,0.00054877,0.00567385
2022-09-14,0.00004772,-0.01532849,-0.00074790,-0.00076587,0.00021762
2022-09-15,0.00004829,-0.00444449,0.00651658,0.00234891,0.00478507
2022-09-18,0.00014297,-0.01456132,-0.00202440,-0.00505131,0.00283059
2022-09-19,0.00004819,0.00907410,-0.00558684,-0.00447766,-0.00179937
2022-09-20,0.00005139,-0.00633356,0.00118588,0.00034636,0.00061724
2022-09-21,0.00004423,0.00374131,-0.00407035,-0.00055165,0.00359857
2022-09-22,0.00005010,-0.01145257,0.00131922,-0.00249450,0.00263747
2022-09-28,0.00028856,-0.02674636,-0.00024182,-0.01388456,-0.00475159
2022-09-29,0.00004500,-0.01638374,0.01007872,-0.01240803,-0.00137049
2022-10-02,0.00013699,-0.02453157,-0.00138591,0.00188074,-0.01523860
2022-10-03,0.00004777,0.01896623,-0.00438593,0.00327278,0.01392352
2022-10-06,0.00011142,0.01209124,-0.00481068,0.00270729,-0.00392720
2022-10-11,0.00019498,-0.01052331,0.00032852,0.01418743,0.02042765
2022-10-12,0.00004055,0.01059427,-0.00396534,0.00601780,-0.00384836
2022-10-13,0.00003983,0.00455285,0.00064428,0.01434001,0.00533284
2022-10-18,0.00021993,0.01064543,0.00296386,0.00048078,-0.00596480
2022-10-19,0.00004684,-0.00092603,-0.00158268,-0.00035010,0.00440335
2022-10-20,0.00005538,-0.00451289,-0.00370827,0.00128988,-0.00179989
2022-10-23,0.00015632,0.00621439,-0.00312820,0.00428474,-0.00314736
2022-10-24,0.00005427,-0.00415806,-0.00332465,-0.00521391,-0.00039577
2022-10-25,0.00005362,0.00874570,0.00107981,0.00381177,-0.00764917
2022-10-26,0.00005296,0.00722310,-0.00534913,0.00465557,-0.00445338
2022-10-27,0.00005518,-0.00124267,-0.00044530,-0.00016477,0.00299412
2022-10-30,0.00017241,0.00776230,-0.00805292,0.00062771,-0.00232695
2022-10-31,0.00006166,-0.00814380,-0.00004763,0.00906597,0.00606216
2022-11-02,0.00013681,-0.00252022,-0.00167945,0.00504634,0.00072692
2022-11-03,0.00007113,-0.01801815,-0.00122612,0.00185055,0.00768706
2022-11-06,0.00021195,0.00748596,-0.00509328,0.00399848,0.01119753
2022-11-07,0.00007065,-0.01022661,-0.00251655,0.00223111,0.00477959
2022-11-08,0.00007065,0.00869163,-0.00748571,-0.00636604,-0.00725062
2022-11-09,0.00007065,-0.00420456,-0.00500695,-0.00955923,-0.00618321
2022-11-10,0.00007065,0.02964732,-0.00118349,0.00025426,-0.01284161
2022-11-13,0.00019270,-0.00157343,0.00988159,0.01249652,-0.00431753
2022-11-14,0.00007232,-0.00917486,0.00166648,-0.01077587,-0.01065606
2022-11-15,0.00007080,0.00781655,0.00940131,0.00523913,-0.01606556
2022-11-16,0.00006566,-0.01386252,0.00331726,0.00001727,0.01204999
2022-11-17,0.00006766,-0.01886624,0.00254770,0.00540835,0.01001596
2022-11-20,0.00022756,0.01155919,-0.01105964,0.01022843,0.00817150
2022-11-21,0.00007236,-0.01606927,0.00358431,0.01133707,0.00440500
2022-11-22,0.00007587,0.00145480,-0.00140197,0.01199485,0.00183805
2022-11-23,0.00007555,-0.00925614,-0.00663940,-0.00387543,-0.00657243
2022-11-24,0.00007257,0.00283554,0.00298293,-0.01512466,0.00279999
2022-11-27,0.00022868,-0.00939062,0.00929541,-0.00365833,0.00310182
2022-11-28,0.00007800,-0.01052848,0.00385299,-0.00412824,-0.00352222
2022-11-29,0.00007910,0.01456533,-0.01497112,-0.00023590,0.00303842
2022-11-30,0.00007592,-0.00582610,0.00237631,0.00032468,0.00360846
2022-12-01,0.00007702,0.01513748,-0.00229842,-0.00025433,-0.00640653
2022-12-04,0.00023004,-0.00225089,0.00116459,0.00312245,0.00389495
2022-12-05,0.00007971,-0.00221376,-0.00046445,0.00304847,0.00199944
2022-12-06,0.00007927,-0.01169333,-0.00097878,0.00677415,0.00347721
2022-12-07,0.00008125,-0.01473860,0.00292361,0.00067800,0.00139309
2022-12-08,0.00008101,0.00628589,-0.00399992,0.00018094,-0.00768400
2022-12-11,0.00025100,-0.00568778,-0.00544377,-0.00048440,0.00914786
2022-12-12,0.00009033,-0.00378585,-0.00278798,-0.00311921,-0.00655028
2022-12-13,0.00009020,0.01145155,-0.00239804,-0.00600416,-0.02041077
2022-12-14,0.00008877,-0.00854669,-0.00317071,-0.00634148,0.00778027
2022-12-15,0.00008993,-0.00798849,-0.00124350,0.00206591,0.01297422
2022-12-18,0.00026540,-0.00977874,0.00582980,-0.00390497,0.00501508
2022-12-19,0.00008658,0.00324823,0.00469181,0.00936548,0.01449364
2022-12-20,0.00008918,-0.00693013,0.00452890,-0.00171084,0.00193782
2022-12-21,0.00009043,0.00787926,-0.00171531,-0.00266025,0.00172086
2022-12-22,0.00008741,-0.01002021,0.00201684,-0.00025118,0.01102158
2022-12-25,0.00028357,-0.01469668,0.00546959,-0.00466287,0.00253148
2022-12-26,0.00009576,0.00074270,-0.00460699,-0.00889881,-0.00503030
2022-12-27,0.00009414,0.00774744,-0.00412269,0.00736559,0.00160172
2022-12-28,0.00009246,0.00132614,-0.00604616,0.00581395,0.00412927
2022-12-29,0.00008914,0.00493014,0.00160075,0.00223043,-0.01076574
2023-01-01,0.00028150,-0.00493920,0.01604161,-0.00706848,-0.01093816
2023-01-02,0.00009383,0.00398282,0.01136340,0.00101750,-0.01649017
2023-01-03,0.00009383,0.00249951,0.00947736,0.00205317,-0.01127106
2023-01-04,0.00009383,0.00149411,0.00663874,-0.00082771,-0.00897734
2023-01-05,0.00009383,-0.00407573,0.00311272,0.00017117,-0.01118834
2023-01-08,0.00028778,0.01267467,-0.00524011,0.00131847,-0.00382921
2023-01-09,0.00009457,0.00945706,0.00068152,0.00211112,-0.00854448
2023-01-10,0.00009450,-0.00432467,-0.00325210,0.00171331,0.00367647
2023-01-11,0.00009443,0.00144004,-0.00217418,0.00486273,0.00578471
2023-01-12,0.00009435,-0.00066535,-0.01019781,0.00582699,0.00719705
2023-01-15,0.00029021,0.01636032,-0.00555789,-0.00198373,-0.00855021
2023-01-16,0.00010040,0.00357180,-0.00062362,-0.00313486,-0.00010217
2023-01-17,0.00009910,0.00173995,-0.00299544,0.00165145,0.00080654
2023-01-18,0.00009777,0.00180041,-0.00603010,-0.00887012,-0.00818372
2023-01-19,0.00009906,-0.01762676,-0.00502655,0.00116719,0.01154677
2023-01-22,0.00029311,-0.00021575,0.00087858,-0.00133576,0.00667130
2023-01-23,0.00010037,-0.00009665,-0.00267551,-0.00198171,0.00063902
2023-01-24,0.00010036,-0.00219014,-0.00050796,0.00322562,0.00036138
2023-01-25,0.00009892,-0.01704050,0.00581139,0.00671229,0.01431229
2023-01-26,0.00010035,-0.01128670,0.00110783,-0.01495708,-0.00635052
2023-01-29,0.00029663,-0.02187048,0.00309512,-0.00778139,-0.00037647
2023-01-30,0.00009878,0.01536701,-0.01218007,0.00230718,-0.00894618
2023-01-31,0.00009875,0.01475676,0.00190435,0.00948020,0.00011221
2023-02-01,0.00010032,0.00631210,-0.00375458,-0.00983119,-0.00970224
2023-02-02,0.00010032,0.02234540,-0.00617996,-0.00948169,-0.03117648
2023-02-05,0.00030247,-0.00927140,0.00570564,-0.00099440,-0.00108681
2023-02-06,0.00010161,-0.00690469,-0.00372190,0.00897955,-0.00193604
2023-02-07,0.00010162,-0.00089431,0.00249602,-0.00009396,0.00549514
2023-02-08,0.00010163,-0.00505584,0.00021108,-0.00757195,0.00231548
2023-02-09,0.00010164,-0.00860610,0.00228233,-0.00520000,0.00249051
2023-02-12,0.00030497,-0.00942792,-0.00651859,0.00823034,0.01588446
2023-02-13,0.00010040,0.01459084,-0.00399375,0.00602570,0.00048078
2023-02-14,0.00010169,-0.00217504,0.00182292,-0.00701406,-0.00034385
2023-02-15,0.00010039,0.00551239,0.00059887,0.00332999,0.00492512
2023-02-16,0.00010039,-0.00983823,-0.00042997,-0.01332516,0.00468253
2023-02-19,0.00031730,-0.00690455,0.00314309,-0.00701656,-0.00267321
2023-02-20,0.00010876,-0.00000441,0.00010575,-0.00196475,-0.00575157
2023-02-21,0.00011030,-0.02141416,0.00588893,-0.00178905,0.01223489
2023-02-22,0.00010899,-0.00576322,-0.00398752,-0.00405131,0.00162696
2023-02-23,0.00011057,-0.00644996,-0.00013361,0.00385752,0.00986449
2023-02-26,0.00033218,-0.02780758,-0.00413172,-0.00076765,0.00658652
2023-02-27,0.00011273,0.00963759,-0.00178308,0.00708105,-0.01494009
2023-02-28,0.00011291,0.00508457,-0.00624201,0.00014965,0.00899666
2023-03-01,0.00011151,0.00303928,0.00079121,0.00474359,0.00602096
2023-03-02,0.00011168,-0.00402258,-0.00780750,0.00261269,0.01138615
2023-03-05,0.00033067,0.01112710,0.00194790,-0.00583618,-0.00253549
2023-03-06,0.00011021,0.01676395,-0.00632853,0.00710665,-0.00478648
2023-03-08,0.00022044,-0.00065251,-0.00955204,0.00537621,0.00167090
2023-03-09,0.00011021,0.00417205,-0.00309644,0.00395817,0.00398046
2023-03-12,0.00033883,-0.03411473,-0.00302162,-0.00605525,0.00546931
2023-03-13,0.00011217,-0.00725430,-0.00881953,0.01027674,-0.00552890
2023-03-14,0.00011112,0.01248951,0.00184644,0.00134664,0.00273078
2023-03-15,0.00011725,-0.01443384,0.01038140,-0.00919239,-0.00218196
2023-03-16,0.00011015,-0.00125256,-0.00966260,0.01197351,0.00066538
2023-03-19,0.00034928,-0.00781556,0.00848559,0.01010987,0.00597760
2023-03-20,0.00011700,0.01579026,0.00007049,-0.00201084,-0.01318716
2023-03-21,0.00011462,0.00858323,-0.00293721,-0.00459070,-0.00000590
2023-03-22,0.00011349,0.00246918,0.00336155,-0.00250182,0.01157177
2023-03-23,0.00011233,0.01989029,-0.00784901,0.00056228,-0.00296592
2023-03-26,0.00034555,-0.02336755,0.00728032,0.00242327,0.00759869
2023-03-27,0.00011436,0.01882485,-0.00285299,0.00436692,0.00311590
2023-03-28,0.00011456,-0.00811081,0.00243086,-0.00717444,0.00886880
2023-03-29,0.00011619,-0.01768837,0.00300252,-0.01431889,0.00764663
2023-03-30,0.00011349,0.00318367,0.00005700,-0.00222581,0.00010821
2023-04-02,0.00034553,0.01428802,0.00463625,0.00434374,-0.01848338
2023-04-03,0.00011583,-0.01008819,0.00348049,-0.00271733,0.00866953
2023-04-04,0.00011606,0.00299859,0.00178569,-0.00504472,0.00459573
2023-04-09,0.00057366,0.00108441,0.00888500,0.00183357,-0.00084102
2023-04-10,0.00011570,0.00103170,-0.00081648,0.00047706,-0.00908682
2023-04-13,0.00034765,-0.00473417,0.00390443,-0.00578205,0.00704930
2023-04-16,0.00034559,-0.00255461,-0.00822683,0.00000592,0.00334006
2023-04-17,0.00011445,-0.00808198,-0.00251782,0.01177615,0.00724517
2023-04-18,0.00011462,0.00401541,-0.00352321,0.00869039,0.00749929
2023-04-19,0.00011480,-0.00596541,-0.00045707,0.00245720,0.00833391
2023-04-20,0.00011498,-0.00697099,0.00076296,0.00324873,-0.00480361
2023-04-23,0.00034555,0.00559411,-0.00283953,-0.00163636,-0.00188766
2023-04-24,0.00011436,0.00820853,-0.01491900,0.00204720,0.00257525
2023-04-27,0.00034371,0.00608417,0.00018769,0.00794948,-0.00736967
2023-04-30,0.00034553,0.00969303,-0.00531644,0.00222644,-0.01259406
2023-05-01,0.00011583,0.00486896,0.00864465,0.00865513,-0.01720795
2023-05-02,0.00011449,0.00580430,0.00127096,-0.00006252,0.00438377
2023-05-03,0.00011311,0.01203251,-0.00340331,0.00307525,-0.01085921
2023-05-04,0.00011493,-0.00230558,0.00615155,0.00049888,-0.01652544
2023-05-07,0.00033973,0.00690163,-0.00144535,0.00107917,-0.00468638
2023-05-08,0.00011335,-0.00711484,-0.00264092,0.00324551,0.02204703
2023-05-09,0.00011468,-0.00859975,0.00358204,-0.00255440,0.01380173
2023-05-10,0.00011364,0.01333518,0.00065642,0.00134976,-0.02357344
2023-05-11,0.00011258,0.00942881,-0.00154231,-0.00167821,-0.00079484
2023-05-14,0.00034189,-0.00453613,-0.00053347,-0.00111395,-0.00041944
2023-05-15,0.00011445,0.00411700,0.00117154,-0.00591635,-0.01850412
2023-05-16,0.00011591,-0.00709630,-0.00459705,-0.00378724,0.02666009
2023-05-17,0.00011611,0.01294375,-0.00995892,-0.00022986,0.00489619
2023-05-18,0.00011631,0.00147734,-0.00045650,0.00492562,0.00319312
2023-05-21,0.00036573,-0.00752520,0.00381118,-0.00159485,0.00732811
2023-05-22,0.00012137,-0.00542355,0.00273126,-0.00110463,-0.00387641
2023-05-23,0.00012024,-0.01141135,0.00263651,-0.01197488,0.01418295
2023-05-24,0.00011763,-0.01048733,0.00026507,0.00698418,0.01701976
2023-05-28,0.00047744,0.00375642,-0.00091243,-0.00436187,0.01606465
2023-05-29,0.00012048,-0.00315500,0.00239108,-0.00340131,0.01577955
2023-05-30,0.00012236,-0.00454689,0.00062882,-0.00731448,0.00026391
2023-05-31,0.00011950,-0.00837139,0.00651940,-0.00811231,0.00215977
2023-06-01,0.00011981,-0.00908232,0.00258970,0.00300327,0.00009571
2023-06-04,0.00036040,0.01914561,-0.00514353,0.00616659,-0.00580809
2023-06-05,0.00012012,0.00371062,-0.00113477,-0.00271394,-0.00184676
2023-06-06,0.00012012,-0.00619887,0.00181569,-0.00129814,0.00751249
2023-06-07,0.00012012,0.02048709,-0.00303532,0.00455546,-0.01057048
2023-06-08,0.00012012,0.00592249,-0.00115068,-0.00476071,0.00245900
2023-06-11,0.00037291,0.00064125,0.00096788,0.00252347,-0.00106834
2023-06-12,0.00012392,0.01068420,-0.00558828,-0.00106581,-0.01506481
2023-06-13,0.00012181,0.00609826,-0.00173569,-0.00014410,-0.00063706
2023-06-14,0.00011965,-0.00360858,0.00218073,-0.00969379,0.00145731
2023-06-15,0.00012110,0.00988277,-0.00288087,0.01158430,-0.01260335
2023-06-18,0.00036407,-0.00640549,0.01078666,0.00912535,-0.01378369
2023-06-19,0.00012084,0.00226309,-0.00013215,-0.00447176,-0.00009836
2023-06-20,0.00011980,-0.00064898,-0.00020992,-0.00088830,0.00257958
2023-06-21,0.00012266,-0.01164217,0.00276478,-0.00243947,0.00391760
2023-06-22,0.00012428,-0.00154203,0.00040493,-0.00311660,0.00693997
2023-06-25,0.00036573,-0.01579977,0.00490524,-0.00182865,0.00319558
2023-06-26,0.00012277,0.00450145,-0.00004866,0.00133060,-0.00831729
2023-06-27,0.00012308,-0.00982184,0.00925944,-0.00680798,0.00203066
2023-06-28,0.00012195,0.00156177,-0.00172746,-0.00783314,0.00030246
2023-06-29,0.00012226,0.00016454,-0.00382034,-0.00908911,0.00346655
2023-07-02,0.00037222,0.00923014,0.00469975,0.00518852,-0.00819568
2023-07-03,0.00012668,-0.00160235,0.00468031,0.00317482,-0.00431546
2023-07-04,0.00012394,0.00486983,-0.00294096,0.00745528,-0.00459442
2023-07-05,0.00012430,0.00887455,-0.00116883,0.00655684,-0.01705310
2023-07-06,0.00012143,-0.01226338,-0.00358405,0.00182962,0.01546754
2023-07-09,0.00037527,-0.01400211,0.00884820,-0.00385085,0.00939085
2023-07-10,0.00012507,0.00767690,-0.00481901,-0.00457671,0.00237414
2023-07-11,0.00012507,0.00951151,-0.00090857,0.00748121,-0.00352923
2023-07-12,0.00012507,0.01814799,-0.00286764,-0.00419488,-0.01298786
2023-07-13,0.00012507,0.00235473,-0.00316151,-0.00104053,0.01431063
2023-07-16,0.00036950,-0.00577051,0.00805958,0.00433549,-0.00352524
2023-07-17,0.00012275,0.00470373,0.00284025,-0.00535607,-0.00889981
2023-07-18,0.00012538,0.02180109,-0.00814839,0.00564883,-0.01044162
2023-07-19,0.00012447,0.02443506,-0.01055905,0.00620239,-0.00027740
2023-07-20,0.00012475,-0.00894667,0.00441184,0.00773176,-0.00034609
2023-07-23,0.00037146,0.00829652,-0.00577037,0.00023278,0.01326992
2023-07-24,0.00011572,-0.02488980,-0.00218814,-0.00923632,0.00485824
2023-07-25,0.00012238,-0.03191631,0.00000122,-0.01179928,0.00990920
2023-07-26,0.00012397,0.02398362,-0.01616957,0.00865334,0.00398297
2023-07-30,0.00048767,0.01049917,0.00034420,-0.00392859,-0.00279330
2023-07-31,0.00012137,0.00362190,0.00305583,-0.00277261,-0.00095932
2023-08-01,0.00012166,-0.00445494,0.00368692,0.00209458,0.00212876
2023-08-02,0.00012340,-0.00417779,-0.00645894,-0.00328741,0.00898152
2023-08-03,0.00012518,-0.00539591,-0.00191093,-0.00766282,-0.00021548
2023-08-06,0.00037667,0.00797808,0.00860790,0.00409489,-0.00309582
2023-08-07,0.00012358,0.00568656,-0.00053462,0.00512903,-0.00386684
2023-08-08,0.00012394,-0.00576849,-0.00057452,-0.00333423,0.00598186
2023-08-09,0.00012430,0.01507555,0.00035173,0.00523747,-0.00047603
2023-08-10,0.00012306,0.00149181,0.00147835,-0.00192032,-0.00092587
2023-08-13,0.00037204,-0.01359665,0.00003973,-0.00638346,0.00582712
2023-08-14,0.00012510,-0.00675139,-0.00021868,-0.00368874,0.00993851
2023-08-15,0.00012538,-0.00227986,-0.00107063,-0.00427734,0.00839883
2023-08-16,0.00012567,-0.00315312,0.00249331,0.01247966,0.00176855
2023-08-17,0.00012597,-0.00893342,-0.00045992,0.00657809,0.00117237
2023-08-20,0.00037886,0.00143962,0.00083234,-0.00750052,0.00242670
2023-08-21,0.00012595,0.00511027,-0.00182973,0.00719011,0.00244380
2023-08-22,0.00012627,0.00623113,-0.00406461,0.00622345,0.00181490
2023-08-23,0.00012529,0.00077718,0.00019641,0.00637968,0.00133445
2023-08-24,0.00012561,-0.00294520,-0.00040787,0.00251982,0.00662577
2023-08-27,0.00037381,-0.00007009,-0.00035779,0.00859769,-0.00047452
2023-08-28,0.00012557,0.00149332,-0.00790109,-0.00008256,0.00239701
2023-08-29,0.00012308,-0.00949487,-0.00411157,-0.00296778,0.01045112
2023-08-30,0.00012340,0.00634311,-0.00034862,0.00207962,0.00574468
2023-08-31,0.00012372,0.00203973,0.00658866,0.00458025,-0.00098363
2023-09-03,0.00036777,-0.00275689,0.00151360,-0.00526798,0.00407327
2023-09-04,0.00012358,-0.00886426,0.00049632,0.00103806,0.00967540
2023-09-05,0.00012551,0.00651704,-0.00730846,0.00362565,-0.00135540
2023-09-06,0.00012430,-0.00000358,0.00088528,0.00340994,0.00511983
2023-09-07,0.00012468,-0.00578505,0.00296463,-0.00153782,0.00122091
2023-09-10,0.00037179,-0.00008883,-0.00625379,-0.00263338,-0.00079939
2023-09-11,0.00012392,0.00697542,-0.00925950,0.00814272,-0.00103237
2023-09-12,0.00012538,0.00148305,0.00081795,0.00513785,-0.00224563
2023-09-13,0.00012447,-0.00843819,0.00340138,-0.00135667,-0.00215657
2023-09-14,0.00012475,0.00405358,-0.00289559,0.00268735,0.00592102
2023-09-18,0.00049038,0.00131352,0.00531909,0.00564534,0.01003597
2023-09-19,0.00012368,-0.00179479,0.00452845,0.00492667,-0.00564035
2023-09-20,0.00012397,0.01154768,0.00120666,0.00326566,-0.00901716
2023-09-21,0.00012295,-0.00073722,-0.00317379,0.00406477,-0.00124635
2023-09-26,0.00061636,-0.01136534,-0.00024271,0.00221963,0.00329511
2023-09-27,0.00012484,0.00403902,-0.00590655,0.00175136,0.00252616
2023-09-28,0.00012518,0.00333908,0.00723993,0.00039194,0.01179718
2023-10-01,0.00037667,0.01227593,0.00014914,0.00223857,-0.00516584
2023-10-02,0.00012668,0.00255041,-0.00513994,-0.00406399,0.00209492
2023-10-03,0.00012551,-0.00800811,0.00131851,0.00220884,0.00218998
2023-10-04,0.00012590,-0.01169591,-0.00277682,0.00454045,0.01021884
2023-10-05,0.00012631,-0.00360860,-0.00420832,-0.00005577,0.00191590
2023-10-08,0.00038002,-0.07036623,-0.00326475,-0.02319247,0.02378991
2023-10-09,0.00012862,0.00748652,-0.00883708,0.00289117,0.00029265
2023-10-10,0.00012419,0.01413057,0.00067969,-0.00024958,-0.01020494
2023-10-11,0.00012326,-0.01440265,-0.00045650,-0.01228945,0.00898053
2023-10-12,0.00012231,-0.00372311,0.00347101,-0.00075129,-0.00128946
2023-10-15,0.00035667,-0.03847153,-0.00037453,-0.00903732,0.00376044
2023-10-16,0.00011700,0.02337210,0.00343074,0.01364637,-0.00074657
2023-10-17,0.00011203,-0.00483913,-0.00412689,-0.01194349,0.00439801
2023-10-18,0.00011349,0.00447652,-0.01069211,-0.00022112,-0.00483825
2023-10-19,0.00012029,-0.01852611,0.00248305,-0.00923212,-0.00615734
2023-10-22,0.00035766,-0.02452998,0.00120506,-0.00501472,0.00505885
2023-10-23,0.00011997,-0.01064058,0.00394423,-0.00622746,0.01092629
2023-10-24,0.00012024,0.00600711,-0.00080336,0.00301644,0.00805091
2023-10-25,0.00012195,-0.00256240,-0.00427174,0.00180248,0.00909029
2023-10-26,0.00012226,-0.01266767,-0.00330920,-0.00415509,-0.00006730
2023-10-29,0.00036332,0.01303665,0.00307677,0.00378062,-0.00427659
2023-10-30,0.00012203,0.01771841,-0.00279488,0.00282686,-0.00768901
2023-10-31,0.00012394,-0.00054815,0.00053477,-0.00380165,-0.00054426
2023-11-01,0.00012270,0.00787674,0.00269922,0.01146730,0.00374812
2023-11-02,0.00012306,0.01745430,-0.01938105,0.01232446,0.00031016
2023-11-05,0.00036535,0.02330851,0.00148932,0.00192890,-0.00781951
2023-11-06,0.00012177,-0.01082000,-0.00411566,-0.00652295,0.00045915
2023-11-07,0.00012177,0.01369046,-0.00711088,0.00949287,-0.00743900
2023-11-08,0.00012177,-0.00543503,0.01548000,0.01243425,-0.00627171
2023-11-09,0.00012177,-0.00743824,0.00447749,-0.00516852,0.00632592
2023-11-12,0.00036268,-0.01761418,0.00684179,-0.00062289,0.00416421
2023-11-13,0.00012157,-0.00709727,-0.00353897,-0.00392082,0.00966398
2023-11-14,0.00012181,0.02072586,0.00364772,0.00564686,-0.01119214
2023-11-15,0.00012206,0.00163135,0.00061676,-0.00673588,-0.02563473
2023-11-16,0.00012110,0.01445973,0.00217287,0.00253740,-0.00587405
2023-11-19,0.00036037,-0.00442131,-0.00023073,-0.00407081,0.00438263
2023-11-20,0.00012084,0.00962035,-0.01147530,0.00403955,-0.00177787
2023-11-21,0.00012109,0.00676497,-0.00272878,-0.00580588,-0.00134212
2023-11-22,0.00012004,0.02211690,-0.00675876,0.00372398,-0.00116481
2023-11-23,0.00012162,0.00136757,-0.00551859,0.00140173,0.00105870
2023-11-26,0.00036169,0.00322525,0.00557153,0.00925519,-0.00550351
2023-11-27,0.00012137,-0.00842164,0.01210432,-0.00275034,-0.00419535
2023-11-28,0.00012024,0.00570716,-0.00222106,0.01337872,-0.00868059
2023-11-29,0.00012195,0.00873822,0.00396119,0.00620071,-0.00751020
2023-11-30,0.00012080,-0.01893459,0.00355017,-0.00021514,0.01050687
2023-12-03,0.00036332,0.00806899,0.00447391,0.01304584,-0.00329609
2023-12-04,0.00012203,0.00232686,-0.00287182,0.00091953,0.00470998
2023-12-05,0.00012079,0.01363918,0.00438351,0.00710594,-0.01725927
2023-12-06,0.00011950,0.00137312,0.00634951,0.00349326,0.00526312
2023-12-07,0.00011818,-0.00067938,0.00180965,-0.00324134,-0.00589226
2023-12-10,0.00035394,-0.00079357,0.00337320,-0.00200576,0.00227078
2023-12-11,0.00011922,-0.01316623,-0.00338699,-0.00751432,0.00148401
2023-12-12,0.00011825,-0.00568486,-0.00288638,-0.00811811,-0.00055859
2023-12-13,0.00011845,-0.00005242,-0.00450509,0.00215838,-0.00013692
2023-12-14,0.00011988,0.02516021,0.00311096,0.00238747,-0.02128918
2023-12-17,0.00036037,-0.00078680,0.00580594,0.01001853,-0.00287190
2023-12-18,0.00011956,0.00523250,0.00558200,0.00178047,-0.00163484
2023-12-19,0.00011980,0.00896315,0.00482617,-0.00352231,-0.00256281
2023-12-20,0.00012004,0.01547326,0.00336990,0.00461525,-0.00852176
2023-12-21,0.00012029,-0.00786998,-0.00037019,0.00149175,-0.00005085
2023-12-24,0.00035766,-0.00514205,0.00373124,-0.00162886,0.00335537
2023-12-25,0.00012137,0.00983145,-0.00111980,0.00000642,-0.00110660
2023-12-26,0.00012308,-0.01381353,0.00389963,0.00276018,0.00426931
2023-12-27,0.00012340,0.00965236,-0.00122524,0.00421399,-0.00276564
2023-12-28,0.00012372,-0.00476075,0.00025633,-0.00306962,-0.00508463
2023-12-31,0.00036332,0.00594100,0.00075523,0.00286983,0.00159251
2024-01-01,0.00012048,0.02371281,0.00888706,0.01285504,-0.01340645
2024-01-02,0.00011921,-0.00168776,0.00770550,0.00709627,0.00179530
2024-01-03,0.00011630,-0.00971400,0.00469507,0.00345478,0.00382944
2024-01-04,0.00011818,0.00559249,0.00134744,-0.00549543,-0.00758191
2024-01-07,0.00034830,-0.00847096,-0.00150163,-0.00483420,-0.00194488
2024-01-08,0.00011570,-0.00213326,-0.00142057,-0.01070546,0.00428936
2024-01-09,0.00011468,-0.00418821,0.00410950,-0.00530781,0.00781293
2024-01-10,0.00011484,-0.00490930,-0.00155125,-0.00410429,0.00753559
2024-01-11,0.00011501,0.00260269,0.00187408,-0.00387556,0.00577311
2024-01-14,0.00034559,-0.00337305,0.00057534,-0.00380005,0.00288290
2024-01-15,0.00011445,-0.00478446,-0.00522011,-0.01182639,-0.00564187
2024-01-16,0.00011591,-0.01411475,0.00189763,-0.00921500,0.00264308
2024-01-17,0.00011480,-0.00647660,0.00271307,0.00331136,-0.00290080
2024-01-18,0.00011631,0.01959132,-0.00338569,0.00921156,0.00724215
2024-01-21,0.00034958,-0.00437127,-0.00409300,-0.00079548,0.01150881
2024-01-22,0.00011717,-0.00083749,0.00136018,-0.00878399,0.00379858
2024-01-23,0.00011598,-0.00641942,0.00247034,-0.00230688,0.00186850
2024-01-24,0.00011619,0.00876173,0.00127278,0.00010837,0.00483908
2024-01-25,0.00011641,-0.00177584,0.00362466,-0.00020477,-0.00623740
2024-01-28,0.00034553,0.00611894,0.00225198,0.00887283,0.00032491
2024-01-29,0.00011583,0.00989062,-0.00713014,0.00587929,0.00334200
2024-01-30,0.00011606,-0.00976402,0.00506160,-0.00078244,0.00806668
2024-01-31,0.00011471,-0.00411131,0.00683707,0.00454478,-0.00080617
2024-02-01,0.00011656,-0.00596681,0.00540956,-0.00481591,0.00426371
2024-02-04,0.00035049,0.00041065,-0.00857602,0.00072436,0.01007809
2024-02-05,0.00011682,-0.00235808,0.00607031,-0.00839751,-0.00255385
2024-02-06,0.00011682,0.01397956,0.00008268,-0.00216311,-0.00526526
2024-02-07,0.00011682,0.00183525,0.00215467,-0.00489718,-0.00332122
2024-02-08,0.00011682,-0.00606058,0.00708347,-0.00699993,0.00637745
2024-02-11,0.00034224,-0.00904946,0.00126762,-0.00503725,0.00754211
2024-02-12,0.00011335,0.01364245,-0.00659157,0.00883755,-0.00260637
2024-02-13,0.00011349,0.00784075,0.00166942,0.00457727,-0.00348416
2024-02-14,0.00011364,-0.00231535,-0.00185082,-0.01094282,0.00532135
2024-02-15,0.00011501,0.00476794,-0.00037345,-0.00030872,-0.00056377
2024-02-18,0.00034559,0.00699358,0.00167697,0.00689407,0.00941191
2024-02-19,0.00011572,0.01147572,-0.00074610,0.00576204,-0.00358561
2024-02-20,0.00011462,0.00082589,0.00343365,-0.01009481,-0.00643411
2024-02-21,0.00011480,-0.00135083,-0.00116632,-0.00295403,-0.00437778
2024-02-22,0.00011498,0.00849891,-0.00148741,-0.00187297,-0.00370773
2024-02-25,0.00034555,0.01256565,-0.00498120,0.00581040,-0.00164437
2024-02-26,0.00011436,0.00267205,0.00015685,0.00473684,0.00790586
2024-02-28,0.00023240,-0.00540328,0.00184258,0.00516511,0.00227972
2024-02-29,0.00011495,0.00784072,0.00050415,0.00617038,0.00554402
2024-03-03,0.00034553,0.00691467,0.00088880,-0.00054449,0.00201392
2024-03-04,0.00011428,-0.00124839,0.00208275,-0.00480985,0.00071276
2024-03-05,0.00011606,-0.00636339,-0.00170860,0.00247613,0.00076508
2024-03-06,0.00011471,0.00133732,-0.00492883,0.00285366,0.00340042
2024-03-07,0.00011493,-0.00986201,0.00187532,-0.00723274,-0.00189536
2024-03-10,0.00034385,-0.00996027,0.00401411,-0.00397351,-0.00635326
2024-03-11,0.00011452,-0.00200906,-0.00646570,-0.00187154,-0.00220483
2024-03-12,0.00011468,-0.00592008,0.00000049,-0.00333167,0.00028039
2024-03-13,0.00011364,0.00113540,0.00454103,0.00386326,0.00342507
2024-03-14,0.00011258,-0.00620953,0.00133845,-0.00399103,0.00543724
2024-03-17,0.00034189,0.01310140,0.00037326,0.00805012,0.00747969
2024-03-18,0.00011445,0.01219301,0.00095026,0.00771848,0.01069518
2024-03-19,0.00011591,0.00554461,-0.00306290,-0.00507431,0.00382709
2024-03-20,0.00011611,0.01402046,0.00106242,0.00686749,0.00262666
2024-03-21,0.00011631,0.00729072,-0.00590045,0.00564084,-0.00121285
2024-03-25,0.00045537,0.00733309,-0.00247912,-0.00111086,0.00014382
2024-03-26,0.00011456,0.00003692,-0.00562617,0.00127609,0.00245315
2024-03-27,0.00011619,-0.00308989,0.00175681,-0.00132067,-0.00294234
2024-03-28,0.00011641,-0.00016364,0.00558369,-0.00380319,-0.00411088
2024-03-31,0.00025222,0.00470553,-0.00390793,0.00623846,0.00470505
2024-04-01,0.00011428,-0.00287108,0.00658398,0.00135854,-0.00537571
2024-04-02,0.00011606,-0.01506200,0.00490353,-0.00427603,-0.00112255
2024-04-03,0.00011471,-0.00059407,0.00023532,0.00107172,0.00262965
2024-04-04,0.00011493,-0.01589895,0.00828354,-0.00901042,-0.00214919
2024-04-07,0.00034143,0.01072595,-0.00340209,0.00723664,0.00445345
2024-04-08,0.00011335,0.01529329,-0.00303587,0.00902833,0.00663923
2024-04-09,0.00011468,-0.01088650,0.01056536,-0.00711010,-0.00616315
2024-04-10,0.00011484,-0.01010239,-0.00290320,-0.00330505,-0.00190777
2024-04-11,0.00011623,-0.01576646,-0.00217491,-0.00498768,0.00614086
2024-04-14,0.00034928,0.00224655,-0.00507569,-0.00514857,0.00716045
2024-04-15,0.00011572,-0.00944978,0.01084497,-0.00071073,0.00192752
2024-04-16,0.00011591,-0.00351846,-0.00216077,0.00350329,-0.00022926
2024-04-17,0.00011480,-0.01026009,0.00531451,-0.00545491,-0.00257537
2024-04-18,0.00011498,0.01074065,-0.00061525,0.00461737,0.00587497
2024-04-21,0.00034958,0.01134243,-0.00683947,0.01048251,-0.00226612
2024-04-24,0.00034734,0.00232081,0.00466770,-0.00538260,0.00527580
2024-04-25,0.00011641,-0.00727583,0.00253061,-0.00251386,0.00071903
2024-04-30,0.00057594,0.01082933,0.00120189,-0.00253900,0.00543954
2024-05-01,0.00011630,-0.00827281,0.00033879,0.00092279,-0.00304882
2024-05-02,0.00011656,0.00253058,-0.00567351,0.00045065,-0.00367619
2024-05-05,0.00035049,0.00407973,0.00251861,-0.00632727,0.00323473
2024-05-06,0.00011682,-0.00366765,0.00017754,-0.00818579,0.00627489
2024-05-07,0.00011682,0.01459272,-0.00292725,0.01004397,-0.00459524
2024-05-08,0.00011682,0.00680950,-0.00449461,-0.00398156,0.00762974
2024-05-09,0.00011682,0.00592277,-0.00400048,-0.00506210,0.00672252
2024-05-12,0.00034565,0.00349134,-0.00225856,-0.00424934,0.00610611
2024-05-15,0.00034361,0.00047242,-0.00447283,0.00785275,-0.00196784
2024-05-16,0.00011501,-0.02110765,-0.00164751,-0.00737701,-0.00568785
2024-05-19,0.00034559,-0.01496994,0.00279784,0.00090998,0.00080065
2024-05-20,0.00011572,0.00852976,-0.00185351,-0.00233344,0.00260964
2024-05-21,0.00011591,-0.00693532,-0.00048063,-0.00328934,0.00038200
2024-05-22,0.00011742,-0.00431767,0.00351493,-0.00137987,0.00879593
2024-05-23,0.00011631,-0.00306978,0.00294704,-0.00115788,-0.00296627
2024-05-26,0.00034958,0.00078698,0.00346479,0.00295537,0.00331469
2024-05-27,0.00011717,-0.00146593,-0.00276320,0.00292285,0.00176165
2024-05-28,0.00011598,0.00939884,-0.00043263,0.00295769,-0.00237608
2024-05-29,0.00011619,0.00108042,-0.00156925,0.00030330,0.00476183
2024-05-30,0.00011495,0.00190469,0.00078223,0.00357832,0.00088202
2024-06-02,0.00034997,-0.00357715,0.00593016,0.00055597,-0.00712467
2024-06-03,0.00011738,0.00810275,-0.00382939,0.01778498,-0.00477808
2024-06-04,0.00011764,-0.00545884,-0.00114590,0.00112139,0.00371277
2024-06-05,0.00011790,-0.01809238,-0.00118407,-0.00608939,-0.00188957
2024-06-06,0.00011818,-0.01187823,-0.00180691,-0.00656762,-0.00448384
2024-06-09,0.00034807,0.00141692,-0.00361706,-0.00207548,-0.00101956
2024-06-10,0.00011570,0.00582251,-0.00424914,0.00107014,0.00234023
2024-06-13,0.00035121,0.00162136,0.00255536,0.00164599,0.00720422
2024-06-16,0.00035298,-0.00994649,0.00092153,0.00000568,0.00604526
2024-06-17,0.00011700,0.01454437,-0.01142391,0.00784492,0.00358361
2024-06-18,0.00011721,-0.00433382,-0.00337292,-0.00075223,0.00633740
2024-06-19,0.00011611,-0.00035037,-0.00246463,0.00352604,-0.00108815
2024-06-20,0.00011631,-0.01756641,-0.00005348,-0.00314241,-0.00400054
2024-06-23,0.00034555,-0.00532739,0.00225031,-0.00282044,-0.00767931
2024-06-24,0.00011717,-0.00072077,0.00044677,-0.00325535,0.00369252
2024-06-25,0.00011598,0.00814325,-0.00096541,0.01233880,0.00803637
2024-06-26,0.00011619,0.00970665,-0.00173400,-0.00232600,0.00365236
2024-06-27,0.00011495,-0.00724847,0.00608729,-0.00551950,0.00524940
2024-06-30,0.00034553,0.00447949,0.01235767,0.00049478,0.00718148
2024-07-01,0.00011428,-0.00728479,0.00282981,-0.00029623,-0.00675807
2024-07-02,0.00011449,0.00349475,-0.00646100,-0.00379464,0.00674615
2024-07-03,0.00011471,0.00565704,-0.00516163,-0.00018937,0.00199424
2024-07-04,0.00011656,0.01738010,-0.00666562,0.00776580,-0.00452608
2024-07-07,0.00034559,0.02844581,0.00011475,0.01172566,-0.01076881
2024-07-08,0.00011687,-0.01025882,0.00308632,0.00372206,0.00223604
2024-07-09,0.00011468,0.00604293,0.00126560,0.01021612,0.00109878
2024-07-10,0.00011605,-0.00674199,-0.00006828,0.00239443,0.01150783
2024-07-11,0.00011501,0.01830947,0.00201092,0.01284884,-0.01024656
2024-07-14,0.00034559,-0.00024852,-0.00290617,-0.00283607,-0.00116986
2024-07-15,0.00011572,0.00177769,0.00195923,0.00243812,0.00258308
2024-07-16,0.00011462,0.00136536,-0.00098117,-0.00006856,-0.00224652
2024-07-17,0.00011480,-0.00368192,0.00168776,-0.00099491,-0.00361794
2024-07-18,0.00011365,-0.00125320,-0.00063761,0.00278193,-0.00692501
2024-07-21,0.00034555,-0.00929897,-0.00078942,-0.00232276,-0.00029012
2024-07-22,0.00011717,0.00485692,-0.00253963,-0.00274049,0.00277921
2024-07-23,0.00011740,0.01452425,-0.00207449,-0.00122918,-0.00365751
2024-07-24,0.00011619,-0.00107232,0.00812003,-0.00093541,0.00054355
2024-07-25,0.00011641,-0.00482120,0.00246053,-0.00031722,-0.00217896
2024-07-28,0.00034997,-0.02405727,0.00286817,-0.00364197,-0.00190101
2024-07-29,0.00011893,0.00074931,-0.00140337,-0.00524212,0.00491593
2024-07-30,0.00011606,-0.00828359,-0.00074411,-0.00283813,-0.00258740
2024-07-31,0.00011471,0.00337001,0.00627769,-0.00745962,0.00588076
2024-08-01,0.00011493,-0.01605771,0.00979942,-0.00824955,-0.00237240
2024-08-04,0.00034553,-0.01950084,-0.00155514,0.01009478,-0.00542676
2024-08-05,0.00011516,-0.00769688,-0.01053022,0.01160517,-0.00530412
2024-08-06,0.00011516,0.01396008,-0.00184506,0.00121881,-0.00117551
2024-08-07,0.00011516,0.01742577,0.00023302,0.00591869,-0.00165685
2024-08-08,0.00011516,0.01223731,0.00029287,0.00528638,0.00272901
2024-08-11,0.00033543,0.00176255,0.00221244,0.00209894,0.00692207
2024-08-12,0.00011335,-0.01541265,0.00151899,-0.00464835,0.00376677
2024-08-14,0.00022970,0.01747420,-0.00663977,0.00457545,0.00226497
2024-08-15,0.00011501,0.01609449,-0.00043325,-0.00140955,0.00371201
2024-08-18,0.00034189,0.00714186,0.00070526,0.00049948,0.00059104
2024-08-19,0.00011445,-0.00580787,0.00068770,-0.00033731,-0.00073105
2024-08-20,0.00011462,0.00031427,0.00576027,-0.00091653,-0.00158732
2024-08-21,0.00011611,-0.00763920,0.00218918,-0.00157621,0.00406400
2024-08-22,0.00011498,0.00180897,-0.00035848,0.00531113,-0.00108752
2024-08-25,0.00034555,0.02055328,-0.01302265,0.00481941,-0.00284991
2024-08-26,0.00011717,-0.00196158,0.00418341,-0.00412110,-0.00767196
2024-08-27,0.00011740,-0.00149282,0.00502454,0.00687415,0.00100285
2024-08-28,0.00011619,0.00778161,-0.00015324,0.00557599,0.00413741
2024-08-29,0.00011495,0.00121985,0.00469180,-0.00003970,0.00467509
2024-09-01,0.00034553,-0.00713472,0.01014969,0.00178237,0.00374850
2024-09-02,0.00011273,0.00857747,-0.00213145,0.00045442,-0.00431749
2024-09-03,0.00011449,-0.01073713,0.00441945,0.00214812,-0.00139270
2024-09-04,0.00011471,-0.00434934,0.00272078,0.00374886,-0.00122166
2024-09-05,0.00011656,0.01283578,-0.00023044,0.00377993,0.00067293
2024-09-08,0.00034559,-0.01538237,0.00172310,0.00024523,-0.00008263
2024-09-09,0.00011452,-0.00524120,-0.00153755,-0.00220688,0.00939429
2024-09-10,0.00011587,-0.00127368,0.00064005,0.00182480,0.00405109
2024-09-11,0.00011605,0.00001393,-0.00380835,0.00067672,0.00140706
2024-09-12,0.00011623,0.01076463,-0.00105313,0.00357361,0.00326366
2024-09-15,0.00034559,-0.00237180,0.00586318,-0.00090520,0.00128304
2024-09-16,0.00011572,-0.01697743,0.00187403,-0.00395704,0.00283125
2024-09-17,0.00011591,-0.01379630,-0.00068928,-0.00388728,0.00059030
2024-09-18,0.00011480,0.00294933,-0.00065787,0.00764029,0.00201555
2024-09-19,0.00011631,-0.00449907,0.00056522,-0.00817593,0.00010293
2024-09-22,0.00034958,0.00781570,0.00471143,-0.00284440,0.00082796
2024-09-23,0.00011436,0.00436879,-0.00104750,-0.00015129,0.00221951
2024-09-24,0.00011314,0.01388346,-0.00029611,0.00727821,-0.00667692
2024-09-25,0.00011331,0.00835456,-0.00445319,-0.00051824,0.00322440
2024-09-26,0.00011495,0.01418341,-0.00771281,0.00276664,-0.00420453
2024-09-29,0.00034553,0.01045842,-0.00090017,0.00153830,-0.00460943
2024-09-30,0.00011428,0.00342578,-0.00077779,0.00381777,-0.00010495
2024-10-01,0.00011449,-0.01171412,0.00746650,-0.00181774,0.00242678
2024-10-06,0.00058166,-0.00582742,-0.00068451,-0.00269210,0.01046232
2024-10-07,0.00011630,0.00287873,0.00224064,0.00140812,0.00131786
2024-10-08,0.00011630,0.00025700,-0.00119481,0.00101944,-0.00203580
2024-10-09,0.00011630,0.00627375,-0.00332421,0.00569691,-0.00036397
2024-10-10,0.00011630,-0.00929287,0.00192639,-0.00007229,-0.00618651
2024-10-13,0.00035359,0.00711470,-0.00157362,-0.00662384,0.00828448
2024-10-14,0.00011570,0.00506007,-0.00475288,-0.00416384,0.00186382
2024-10-15,0.00011706,0.00784708,-0.00066457,0.00302275,-0.00171673
2024-10-20,0.00058037,0.02390301,-0.00702549,0.00839667,-0.01080673
2024-10-21,0.00011700,-0.00247523,0.00307596,-0.00290535,0.00250093
2024-10-22,0.00011721,-0.00872092,0.00597870,-0.00554882,0.00290830
2024-10-27,0.00057412,0.00995439,0.00043317,0.00273497,-0.00525388
2024-10-28,0.00011717,0.00022566,0.00556657,-0.00198885,-0.00151182
2024-10-29,0.00011740,0.00850608,-0.00160653,0.00193390,0.00261338
2024-10-30,0.00011475,0.01666208,-0.00622159,0.00452577,-0.00721938
2024-10-31,0.00011349,-0.00232453,0.00159418,0.00581532,-0.00308028
2024-11-03,0.00034553,0.00066085,0.00564117,0.00653621,0.00060207
2024-11-04,0.00011583,-0.00121255,-0.00243815,0.00366995,-0.00491567
2024-11-05,0.00011764,0.00452336,0.00020879,-0.00702185,-0.00133095
2024-11-06,0.00011630,0.00091588,-0.00785332,-0.00171945,-0.00394792
2024-11-07,0.00011656,-0.00217411,-0.00281723,-0.00250072,0.00390009
2024-11-10,0.00034814,0.02325040,-0.00257972,0.00218097,-0.00001214
2024-11-11,0.00011687,-0.00343296,0.01043110,0.00054557,0.00377030
2024-11-12,0.00011706,0.00817418,-0.00221773,0.00380968,0.00324678
2024-11-13,0.00011605,0.00358641,0.00612084,0.00675667,-0.00679027
2024-11-14,0.00011623,-0.00789644,-0.00088737,0.00198770,-0.00121998
2024-11-17,0.00034928,0.00430923,0.00015344,0.00746030,-0.00326456
2024-11-18,0.00011700,-0.00222261,0.01261247,-0.00165431,-0.00075293
2024-11-19,0.00011591,0.00178981,0.00155229,-0.00222715,0.00447726
2024-11-20,0.00011742,-0.00094686,0.00828773,-0.00245340,0.00573602
2024-11-21,0.00011764,-0.00012169,0.00320958,0.00486136,0.00401615
2024-11-24,0.00034958,0.01008118,-0.00196445,0.00130448,-0.00287173
2024-11-25,0.00011717,0.00180767,0.00035840,-0.00673299,-0.00417051
2024-11-26,0.00011740,0.00759378,-0.00299964,0.00385486,-0.01017806
2024-11-27,0.00011763,-0.00786433,0.00469428,0.00276274,-0.00388096
2024-11-28,0.00011641,-0.00473712,0.00670485,0.00604022,-0.00000539
2024-12-01,0.00035442,0.01787950,0.00638403,-0.00126416,0.00033512
2024-12-02,0.00011738,-0.00064733,0.00150931,-0.00222430,-0.00642641
2024-12-03,0.00011764,0.01006953,-0.00772592,-0.00362312,-0.00789340
2024-12-04,0.00011950,0.00298372,-0.00322276,0.00689231,0.00007710
2024-12-05,0.00011656,0.00002763,0.00276569,0.00335971,0.00336397
2024-12-08,0.00034726,0.00906590,0.00042049,0.00422069,-0.00849303
2024-12-09,0.00011687,0.00708834,-0.00586343,0.00178240,-0.00204764
2024-12-10,0.00011706,-0.00114692,0.00487648,0.00138643,-0.00196362
2024-12-11,0.00011605,-0.00563563,0.00071481,-0.00089573,0.00633892
2024-12-12,0.00011623,-0.00183239,-0.00029689,0.00503943,-0.00464175
2024-12-15,0.00034928,-0.01140805,-0.00117469,-0.00271483,0.00591934
2024-12-16,0.00011572,0.01254489,0.00043878,-0.00003673,0.00401396
2024-12-17,0.00011721,0.01277453,0.00126733,0.00217827,0.00355375
2024-12-18,0.00011742,0.00543652,0.00519901,-0.00545012,0.00529650
2024-12-19,0.00011764,-0.00748824,0.00107543,0.00121068,0.00187388
2024-12-22,0.00034958,0.01095804,-0.00308152,-0.00083024,-0.00711703
2024-12-23,0.00011857,-0.00229630,-0.00321504,-0.00550089,-0.00559791
2024-12-24,0.00011598,0.00326168,-0.00796711,-0.00355966,0.00112714
2024-12-25,0.00011619,-0.00498392,0.00280848,0.00029512,-0.00058948
2024-12-26,0.00011641,-0.00647152,-0.00112019,0.00042026,0.00197470
2024-12-29,0.00034997,-0.00243343,-0.00354053,-0.00183027,0.00034115
2024-12-30,0.00011893,-0.00231118,-0.00070979,0.00354329,0.00667342
2024-12-31,0.00011606,0.01384450,0.00547917,0.00752470,0.00208214
2025-01-01,0.00011630,0.00642719,0.01094724,0.00180801,0.00378922
2025-01-02,0.00011493,0.00435602,0.00175737,-0.00745429,0.00249333
2025-01-05,0.00034296,0.00921614,0.00060321,0.00214979,-0.00054330
2025-01-06,0.00011335,0.00789526,0.00267046,0.00091433,-0.00480075
2025-01-07,0.00011349,-0.00078587,-0.00339925,-0.00403078,0.00697257
2025-01-08,0.00011484,-0.00870101,-0.00267337,-0.00448530,0.00771319
2025-01-09,0.00011501,0.00289934,-0.00094116,0.00220977,-0.00260905
2025-01-12,0.00034189,0.00017832,-0.00189925,0.00001202,0.00570253
2025-01-13,0.00011572,0.00209029,0.00190919,0.00757079,-0.00588828
2025-01-14,0.00011591,0.01178834,0.00091089,-0.00248655,-0.00452458
2025-01-15,0.00011611,0.01282743,0.00366663,0.00552576,-0.00208212
2025-01-16,0.00011498,0.00335817,0.00313865,0.00447677,-0.00013968
2025-01-19,0.00034555,0.01205766,0.00186059,0.00592487,0.00022035
2025-01-20,0.00011577,-0.00206254,-0.00179921,-0.00835900,0.00284377
2025-01-21,0.00011456,-0.00088327,0.00279106,-0.00426304,0.00646348
2025-01-22,0.00011619,-0.00817990,0.00380126,-0.00295628,0.00344694
2025-01-23,0.00011641,-0.00626947,-0.00189883,0.00090082,0.00085860
2025-01-26,0.00034997,0.00045600,0.00137347,-0.00554005,0.00142091
2025-01-27,0.00011428,-0.01807900,0.00411629,-0.00285079,-0.00090024
2025-01-28,0.00011449,0.00096751,-0.00387926,0.00136380,0.00271628
2025-01-29,0.00011630,0.00213093,-0.00227784,0.00363732,0.00497613
2025-01-30,0.00011656,-0.00813048,0.00994282,-0.00008881,-0.00018389
2025-02-02,0.00034553,0.00239772,0.00087016,0.00215986,-0.00003672
2025-02-03,0.00011516,-0.00435311,-0.00181258,-0.00048246,0.01170064
2025-02-04,0.00011516,0.01482838,0.00222091,-0.00201267,-0.00781452
2025-02-05,0.00011516,0.01656019,0.00036895,0.01091471,0.00626771
2025-02-06,0.00011516,-0.00373496,-0.00129895,-0.00531631,-0.00315303
2025-02-09,0.00035246,-0.00308578,0.00212210,0.00342913,0.00815027
2025-02-10,0.00011687,0.00937381,0.00427140,0.00160846,-0.00125617
2025-02-11,0.00011706,-0.00874345,0.00118208,-0.00722612,0.00685313
2025-02-12,0.00011605,-0.01393381,0.00462015,-0.00260526,-0.00173855
2025-02-13,0.00011623,0.01449569,-0.00275819,0.00080579,-0.00047262
2025-02-16,0.00035298,0.00315519,0.00272307,-0.00169424,0.00253134
2025-02-17,0.00011700,-0.00468137,0.00493686,-0.00235936,0.00054526
2025-02-18,0.00011721,0.01476762,-0.00128831,0.00561823,0.00547090
2025-02-19,0.00011611,-0.00302332,-0.00149239,0.00308471,0.00113231
2025-02-20,0.00011631,-0.00411920,-0.00032316,0.00668142,-0.00310147
2025-02-23,0.00034555,-0.01453255,-0.00024776,-0.00535159,-0.00642770
2025-02-24,0.00011577,-0.00675268,-0.00133002,0.00109619,0.00226548
2025-02-25,0.00011740,-0.00177310,-0.00495779,-0.00282371,-0.00165395
2025-02-26,0.00011763,0.00539844,-0.00111123,0.00216123,0.00032127
2025-02-27,0.00011641,0.00037392,-0.00245851,-0.00546596,0.00246524
2025-03-02,0.00034553,-0.00354678,-0.00427016,0.00224157,0.00543721
2025-03-03,0.00011583,0.01127743,-0.00153140,0.00680453,0.01342376
2025-03-04,0.00011764,-0.02118034,-0.00424544,0.00009076,-0.00241256
2025-03-05,0.00011630,0.00912507,-0.00426036,-0.00371983,0.00127782
2025-03-06,0.00011493,-0.00764664,-0.00152959,-0.00474692,-0.00432250
2025-03-09,0.00034558,0.01019910,-0.00022653,0.00284123,0.00420137
2025-03-10,0.00011570,-0.00995768,-0.00399154,-0.00053700,-0.00137331
2025-03-11,0.00011587,-0.00041765,-0.00432934,-0.00318185,-0.00950690
2025-03-12,0.00011605,0.01671727,-0.00014642,0.00778666,0.01046975
2025-03-13,0.00011501,0.00347487,-0.00629001,-0.00387569,0.00907914
2025-03-16,0.00034666,0.01071050,-0.00482429,-0.00039595,0.01211439
2025-03-17,0.00011445,-0.00271615,-0.01107863,0.00172105,0.00012204
2025-03-18,0.00011591,-0.01161713,-0.00039648,-0.00445872,0.00479984
2025-03-19,0.00011480,-0.00984333,0.00108991,-0.00428256,-0.01424105
2025-03-20,0.00011498,-0.00435069,-0.00302072,-0.00093484,-0.00427088
2025-03-23,0.00034555,-0.03949247,-0.00272140,-0.01828522,-0.01725935
2025-03-24,0.00011577,0.01872034,-0.00639060,0.00633884,0.00944014
2025-03-25,0.00011598,0.00428681,0.00425347,0.00648690,0.01191270
2025-03-26,0.00011763,-0.01268504,0.00260744,0.00243771,-0.00100844
2025-03-27,0.00011641,0.01161743,-0.00430398,0.00523272,0.00370662
2025-03-30,0.00034997,-0.01218487,-0.00096074,0.00578032,-0.00336384
2025-03-31,0.00011738,-0.00570346,-0.00392519,0.00147937,-0.00366408
2025-04-01,0.00011606,0.00935075,0.00700979,0.00039371,0.00670741
2025-04-02,0.00011630,0.01420004,-0.00873779,-0.00411300,-0.00253760
2025-04-03,0.00011656,-0.00718342,-0.00469438,0.00785855,0.00082327
2025-04-06,0.00034637,-0.03766147,-0.00274812,-0.00044642,-0.00290987
2025-04-07,0.00011805,0.00527104,-0.00906023,-0.00245467,-0.01356076
2025-04-08,0.00012062,0.01665395,0.00169593,-0.00130779,0.01150948
2025-04-09,0.00012086,-0.01605137,0.00245941,-0.00330953,0.00035425
2025-04-10,0.00011744,0.02051346,0.01104421,-0.00665931,-0.00231921
2025-04-14,0.00046574,0.02220285,-0.00222417,0.00365334,0.01031683
2025-04-15,0.00011591,0.00598280,0.00290310,0.00159456,0.00620944
2025-04-16,0.00011611,0.00381641,0.00032821,-0.00041785,0.00064476
2025-04-17,0.00011631,0.00075402,0.00009677,0.00629387,0.00257997
2025-04-20,0.00034151,0.00151536,0.00342340,-0.00315805,-0.00408665
2025-04-21,0.00011577,-0.01583237,0.00073953,-0.00073365,-0.00441936
2025-04-22,0.00011598,0.00625450,0.01099756,-0.00013973,-0.01072871
2025-04-23,0.00011619,0.01679407,-0.00196715,0.00161804,0.00005878
2025-04-24,0.00011641,-0.00143063,-0.00648068,0.00226668,0.00348204
2025-04-27,0.00034553,0.00035227,-0.00137085,0.00118063,-0.00224196
2025-04-28,0.00011738,-0.00432311,-0.00406575,-0.00701393,-0.00138221
2025-04-29,0.00011606,0.00329771,-0.00018637,0.00226026,0.00769065
2025-05-04,0.00057366,0.00345385,0.00279201,-0.00131235,0.00720623
2025-05-05,0.00011471,0.00808059,-0.00439290,0.00140988,0.00082504
2025-05-06,0.00011471,0.00498959,-0.00430992,-0.01223290,0.00707075
2025-05-07,0.00011471,0.01745942,0.00313198,0.00872956,0.00169827
2025-05-08,0.00011471,0.01148391,0.00169509,-0.00187889,-0.00390626
2025-05-11,0.00034565,-0.00155496,-0.00028613,0.00144814,0.00736470
2025-05-12,0.00011570,-0.00395216,0.00241629,0.00793155,-0.00873742
2025-05-13,0.00011587,0.00065884,0.00078254,-0.01154962,0.00187566
2025-05-14,0.00011605,0.00824749,0.01161382,-0.00394324,-0.00743146
2025-05-15,0.00011623,-0.00101736,-0.00096229,-0.00096127,0.00495931
2025-05-18,0.00034559,0.01084003,0.00148280,0.00064743,0.01041906
2025-05-19,0.00011700,-0.00434700,0.00122429,-0.00752864,0.00419501
2025-05-20,0.00011462,-0.00325465,-0.00206428,0.00665655,0.00784587
2025-05-21,0.00011742,-0.00935109,-0.00391553,0.00190674,0.00527425
2025-05-22,0.00011498,-0.01526898,0.00027684,0.00734736,0.00462622
2025-05-25,0.00034555,0.00493972,0.00143477,0.00268713,-0.00110313
2025-05-26,0.00011577,0.01984235,0.00259033,0.00984586,-0.00039449
2025-05-27,0.00011740,0.00227540,-0.00204907,-0.00540689,0.00048578
2025-05-28,0.00011619,0.00582739,-0.00045111,0.00209623,0.00457110
2025-05-29,0.00011495,0.00267290,-0.00957359,0.01045126,0.00811888
2025-06-03,0.00057594,0.00007012,-0.00594016,-0.00557417,0.00000705
2025-06-04,0.00011790,-0.00285896,0.00424554,-0.01262737,-0.00080676
2025-06-05,0.00011818,0.01009497,-0.00635692,-0.00481450,0.00180077
2025-06-08,0.00034980,-0.00110018,-0.00622082,0.00623995,-0.00380231
2025-06-09,0.00011687,-0.00303698,-0.00050704,-0.00456985,-0.00281815
2025-06-10,0.00011706,-0.00261551,0.00025950,-0.00354290,-0.00152119
2025-06-11,0.00011605,0.00359697,0.00187858,0.00378932,-0.00227720
2025-06-12,0.00011744,-0.01785583,-0.00263146,-0.00826195,0.00125437
2025-06-15,0.00035298,0.00483561,-0.00326123,-0.00234540,-0.00166790
2025-06-16,0.00011700,0.02919620,0.00495594,0.01006101,0.01046843
2025-06-17,0.00011721,0.00526011,0.00336152,0.00411618,0.00976501
2025-06-18,0.00011742,0.01219777,-0.00615470,0.00423469,0.00308303
2025-06-19,0.00011764,0.00853424,-0.00440513,0.00212033,0.00008783
2025-06-22,0.00034958,0.01913463,-0.00372783,0.01046063,0.00805349
2025-06-23,0.00011577,-0.01414432,0.00153742,-0.00835705,-0.00324134
2025-06-24,0.00011598,0.01502671,0.00032600,0.02666862,-0.00432710
2025-06-25,0.00011619,0.01602198,-0.00314255,0.00063319,0.00041884
2025-06-26,0.00011641,-0.00646139,0.00941061,-0.00043801,0.00467968
2025-06-29,0.00034997,0.02160989,-0.00516876,0.00621587,0.00605186
2025-06-30,0.00011738,0.00349222,0.00473987,-0.00226179,0.00891045
2025-07-01,0.00011606,0.00210618,0.00107973,0.00178630,-0.00046057
2025-07-02,0.00011630,0.01750472,-0.00833097,0.01322918,-0.00117834
2025-07-03,0.00011656,0.00708206,-0.00236843,0.00273413,-0.00493619
2025-07-06,0.00034553,0.00166378,-0.00392922,-0.00063497,-0.00226630
2025-07-07,0.00011421,-0.00475453,0.00728880,-0.00450006,0.00295023
2025-07-08,0.00011553,-0.00747951,-0.00067730,-0.00116650,0.00760286
2025-07-09,0.00011452,0.01666674,-0.00573467,0.00637079,0.00890115
2025-07-10,0.00011468,-0.00132822,0.00865965,0.00355978,0.00255561
2025-07-13,0.00034457,-0.02330385,-0.00022406,-0.00192744,-0.00044771
2025-07-14,0.00011411,-0.00105305,-0.00492113,-0.00881106,-0.00124974
2025-07-15,0.00011554,0.00702620,0.00462111,0.00010193,0.00550436
2025-07-16,0.00011445,-0.00271834,0.00209908,-0.00148776,0.00823618
2025-07-17,0.00011462,0.00717624,0.00267248,-0.00544588,-0.00066871
2025-07-20,0.00034443,-0.00039587,0.00086475,-0.00360390,0.00134709
2025-07-21,0.00011536,0.00870891,-0.00227762,0.00424640,-0.00145919
2025-07-22,0.00011418,0.00006229,-0.00054587,0.00191363,-0.00087733
2025-07-23,0.00011577,0.01224526,-0.00337232,0.00680590,0.00490117
2025-07-24,0.00011598,-0.00959166,0.01474167,-0.00731390,0.00891989
2025-07-27,0.00034429,-0.00982997,0.00061245,-0.00200129,-0.00020757
2025-07-28,0.00011688,0.00367671,-0.00669289,-0.00477527,-0.00344657
2025-07-29,0.00011713,-0.00071280,-0.00105517,-0.00816683,-0.00158464
2025-07-30,0.00011583,-0.00583104,-0.00186834,-0.00675438,0.00424151
2025-07-31,0.00011606,-0.00109682,0.00308247,-0.00090881,0.00470425
2025-08-04,0.00046530,-0.01133263,-0.00171305,-0.01046540,0.00656571
2025-08-05,0.00011630,-0.02077816,-0.00192554,-0.01008808,-0.00390168
2025-08-06,0.00011630,-0.00454576,-0.00404695,0.01212275,0.01099511
2025-08-07,0.00011630,0.00002202,-0.00011139,0.00249486,0.00432382
2025-08-10,0.00034565,0.01564753,-0.00439437,0.00897356,-0.00468459
2025-08-11,0.00011452,-0.01013022,0.00703084,-0.01002260,0.00686019
2025-08-12,0.00011468,-0.01743399,-0.00065997,0.00776049,-0.00588782
2025-08-13,0.00011484,0.02370257,-0.00473003,-0.01217244,-0.00166595
2025-08-14,0.00011501,0.01238500,-0.00227476,0.00339477,0.00838858
2025-08-17,0.00034189,0.00891269,0.00001375,0.01034131,0.00189803
2025-08-18,0.00011445,-0.00383496,-0.00085587,-0.00838316,-0.00268477
2025-08-19,0.00011462,0.00598208,-0.00047233,0.00403190,0.00039461
2025-08-20,0.00011480,-0.00849010,0.00025164,0.00335016,-0.00315822
2025-08-21,0.00011365,0.00440069,-0.00672889,0.00431697,0.01272928
2025-08-24,0.00034151,0.01664941,0.00103973,0.00894397,0.00170946
2025-08-25,0.00011577,-0.00141991,0.00017510,-0.00417534,-0.00374447
2025-08-26,0.00011598,0.00492836,-0.00215687,0.00020043,0.00527911
2025-08-27,0.00011475,0.00087008,0.00195520,-0.00031396,0.00532948
2025-08-28,0.00011641,-0.00231287,-0.00629777,0.00065512,-0.00358569
2025-08-31,0.00034108,-0.00271510,0.00748016,-0.00272795,0.00708272
2025-09-01,0.00011738,-0.00660705,0.00372559,-0.00622044,-0.00629340
2025-09-02,0.00011449,-0.01618393,0.00066799,-0.00692282,0.00055945
2025-09-03,0.00011471,0.00889247,-0.00036955,-0.00049044,0.00557068
2025-09-04,0.00011656,0.01127372,-0.00055667,0.01193103,0.00185413
2025-09-07,0.00034383,0.01398921,0.00050421,0.00153862,0.00012733
2025-09-08,0.00011570,-0.00260900,0.00199276,-0.00612837,-0.00585395
2025-09-09,0.00011468,0.01578627,-0.00562760,-0.00019220,-0.00736804
2025-09-10,0.00011364,-0.00213741,0.00364698,-0.00630980,0.00512962
2025-09-11,0.00011258,-0.01203531,0.00008688,-0.00821307,-0.00498814
2025-09-14,0.00033820,-0.01000841,0.00225989,-0.00101703,-0.00463234
2025-09-15,0.00011445,-0.00714495,-0.00050170,-0.00257553,-0.00467970
2025-09-16,0.00011462,-0.00534337,-0.00770646,0.00319121,-0.00515928
2025-09-17,0.00011611,-0.02246906,0.00319080,-0.00678688,-0.01191156
2025-09-18,0.00011498,0.01159405,-0.00755940,-0.00146660,-0.00029153
2025-09-21,0.00034555,-0.01710575,0.00621770,-0.00110729,-0.00072700
2025-09-25,0.00046314,0.01111742,-0.00625656,0.00273352,0.00459541
2025-09-28,0.00034108,0.03220809,-0.00103617,0.01110259,0.01379217
2025-09-29,0.00011273,-0.00250714,0.00416976,-0.00424463,0.00486666
2025-09-30,0.00011606,0.03342234,-0.00163312,0.01578237,0.00508601
2025-10-05,0.00056770,0.00561731,-0.00431843,-0.00627253,0.00438262
2025-10-08,0.00034058,-0.00065883,0.00793515,0.00754096,-0.00030255
2025-10-09,0.00011351,0.03004992,0.00347676,0.00870342,-0.01393633
2025-10-12,0.00033883,-0.00694266,0.00106426,-0.00007281,0.00481515
2025-10-15,0.00034008,-0.00335179,0.00808734,-0.01000936,-0.00764126
2025-10-16,0.00011380,-0.00851712,0.00007364,-0.00400373,-0.00142166
2025-10-19,0.00034189,-0.01350211,-0.00254445,0.00032657,0.00509980
2025-10-20,0.00011317,0.00679745,-0.00390065,0.00492936,0.00399338
2025-10-21,0.00011462,-0.01010365,-0.00371895,0.00714536,0.00734503
2025-10-22,0.00011349,0.00346883,0.00642631,-0.00490917,0.00401043
2025-10-23,0.00011365,0.00654503,-0.00407300,0.01438311,-0.00656124
2025-10-26,0.00033748,0.00952430,-0.00122959,0.00441744,-0.01250024
2025-10-27,0.00011296,-0.00040841,0.00275656,0.00389480,-0.00552105
2025-10-28,0.00011314,-0.00883399,0.00052831,0.00241164,0.00055659
2025-10-29,0.00011331,0.01297058,0.00065741,-0.00888367,-0.00058005
2025-10-30,0.00011203,0.00328201,-0.00282150,0.00768741,0.01292607
2025-11-02,0.00034108,0.00639459,0.00011903,-0.00410946,0.00239827
2025-11-03,0.00011273,0.00744256,-0.00382794,0.00057592,0.00545468
2025-11-04,0.00011291,-0.00362879,-0.01310656,0.00929474,0.00172124
2025-11-05,0.00011151,0.00805316,0.00175070,-0.00469813,-0.00454097
2025-11-06,0.00011168,-0.00626132,-0.00190533,-0.00753907,0.00577344
2025-11-09,0.00033631,0.00071913,-0.00108360,0.00225388,0.00589377
2025-11-10,0.00011217,0.00954191,-0.00028652,0.00187774,0.00944030
2025-11-11,0.00011231,0.00247521,0.00008444,0.00245298,-0.00053787
2025-11-12,0.00011244,0.01420898,0.00554915,-0.00132580,0.01056833
2025-11-13,0.00011015,0.00261855,0.00392406,-0.00147219,-0.00561854
2025-11-16,0.00033081,0.00405230,-0.00580051,-0.00159963,0.00753781
2025-11-17,0.00011189,-0.00350463,-0.00711938,-0.00272041,0.01073255
2025-11-18,0.00011203,-0.01687841,-0.00327574,0.00536239,0.00092250
2025-11-19,0.00011218,0.00121609,-0.00434785,0.00463854,-0.00130506
2025-11-20,0.00011233,-0.01130501,0.00602696,-0.00315305,0.00308027
2025-11-23,0.00033344,-0.01154259,0.00359891,0.00288665,-0.00782918
2025-11-24,0.00011296,0.01399114,-0.00247912,-0.00428036,0.00737483
2025-11-25,0.00011172,-0.00519948,0.00109295,-0.00604487,-0.00083672
2025-11-26,0.00011187,0.00725869,0.00071821,-0.00822336,0.00466606
2025-11-27,0.00011057,0.00507752,0.00305566,0.00455290,-0.00198241
2025-11-30,0.00033218,0.01281433,0.00360269,0.00421217,-0.00282095
2025-12-01,0.00011118,-0.00230013,-0.00187873,0.00127012,0.00262652
2025-12-02,0.00010819,0.01579040,-0.00165507,-0.00306074,0.01833313
2025-12-03,0.00010831,-0.00540330,0.00573922,-0.00761886,-0.00311433
2025-12-04,0.00010843,0.00551722,-0.00687220,0.00315865,0.00457761
2025-12-07,0.00032712,0.00791306,-0.00319707,-0.00100553,0.00130853
2025-12-08,0.00010865,0.00044585,-0.00308963,0.00557682,0.00393902
2025-12-09,0.00010993,0.00265185,-0.01050098,-0.00340994,-0.00021601
2025-12-10,0.00011004,0.00399849,-0.00594576,0.00252615,0.00787676
2025-12-11,0.00011015,0.01160695,-0.00117130,0.00386507,-0.00763038
2025-12-14,0.00032712,-0.00380365,-0.00186110,0.00226499,0.00048074
2025-12-15,0.00011061,-0.00689564,0.00206900,-0.00710227,0.01045776
2025-12-16,0.00010815,0.00692133,-0.00101500,-0.00648384,0.00359432
2025-12-17,0.00010825,0.00821744,-0.00370974,-0.00249876,0.00791409
2025-12-18,0.00010835,0.00756292,-0.00437518,0.00667836,0.00083835
2025-12-21,0.00032134,0.00408277,-0.00278726,-0.00223593,0.01195822
2025-12-22,0.00010736,0.00564340,0.00405338,0.00247850,0.00470259
2025-12-23,0.00010746,0.00064458,-0.00015736,-0.00495545,-0.00264256
2025-12-24,0.00010755,0.00451393,0.00488974,-0.00280059,-0.01204471
2025-12-25,0.00010911,-0.02918874,0.01312838,-0.00534869,-0.00924343
2025-12-28,0.00032329,0.00571305,0.00205158,0.00035198,0.00314945
2025-12-29,0.00010808,0.00190931,0.00005696,0.00776038,0.00779252
2025-12-30,0.00010977,0.01144221,0.00439300,-0.00678664,0.00596475
2025-12-31,0.00010831,-0.00533874,0.00081389,0.00274729,-0.00238802
2026-01-01,0.00010843,0.01857250,-0.00291770,-0.00258859,-0.00216252
2026-01-05,0.00042823,0.01765559,0.00733319,-0.00695111,-0.00096931
2026-01-06,0.00010399,0.02405254,0.00020454,-0.01228793,-0.00166007
2026-01-07,0.00010283,0.00182760,-0.00014294,-0.00888200,-0.00232274
2026-01-08,0.00010164,-0.00236968,0.00186750,0.00473914,0.01019795
2026-01-09,0.00010165,0.00684848,0.00448430,0.00023255,-0.00118238
2026-01-12,0.00030882,0.00403283,0.00097535,-0.01126149,0.00145366
2026-01-13,0.00010298,-0.00432074,0.00001524,-0.00432850,-0.00179588
2026-01-14,0.00010170,0.01195204,-0.00911356,0.01072572,0.00635413
2026-01-15,0.00010304,0.00463512,-0.00252808,-0.00152714,-0.00112322
2026-01-16,0.00010441,0.00345771,-0.00179046,-0.00140670,-0.00039755
2026-01-19,0.00031357,-0.00565387,-0.00428781,-0.00127186,0.01928545
2026-01-20,0.00010320,-0.00784195,0.00391338,-0.00296113,0.00709334
2026-01-21,0.00010323,-0.00625459,-0.00189224,-0.00368723,0.00163983
2026-01-22,0.00010181,0.01165335,0.00132606,-0.00169601,0.00654603
2026-01-23,0.00010183,0.00614965,0.00354232,0.00151283,0.01556949
2026-01-26,0.00030562,0.00444633,0.00242665,-0.00134366,0.00313518
2026-01-27,0.00010347,-0.00091604,0.00147457,-0.00724242,0.00123767
2026-01-28,0.00010352,-0.01049225,0.00068750,-0.01051344,0.00517997
2026-01-29,0.00010194,-0.00292312,-0.00891800,0.00957253,0.00333136
2026-01-30,0.00010196,0.00039244,-0.00585894,0.01291885,0.00208383
2026-02-02,0.00031117,0.01182798,-0.00677324,0.00970020,0.00109665
2026-02-03,0.00010371,0.01687090,-0.00533702,0.00526012,0.01285473
2026-02-04,0.00010371,-0.00088173,-0.00582304,0.01986098,-0.00535795
2026-02-05,0.00010371,-0.01810578,0.00152110,0.00606144,-0.00379312
2026-02-06,0.00010045,-0.00088098,-0.00294262,0.00026259,0.00150859
2026-02-09,0.00030136,0.01210909,-0.00186872,-0.00792652,0.01423301
2026-02-10,0.00010162,0.01903497,-0.00776449,-0.00048570,-0.00099529
2026-02-11,0.00010043,-0.00577153,-0.00365479,-0.00147645,0.00292414
2026-02-12,0.00009921,0.00832456,-0.01228014,0.02240958,-0.00044520
2026-02-13,0.00009919,-0.00557592,0.00037487,-0.00181960,0.00145116
2026-02-16,0.00029747,0.00482422,-0.00056635,0.00337273,0.00243589
2026-02-17,0.00009652,0.00093615,-0.00570513,0.00146540,0.00883127
2026-02-18,0.00009777,0.00582684,-0.00816080,-0.00197098,0.00937947
2026-02-19,0.00009774,-0.00711596,-0.00520661,-0.00449681,-0.01386317
2026-02-20,0.00009770,0.00756033,0.00325602,-0.01371644,-0.00014045
2026-02-23,0.00029286,-0.00210266,-0.00582994,0.00703413,0.01575091
2026-02-24,0.00010036,-0.02095757,0.00651024,-0.01071178,-0.01004731
2026-02-25,0.00010036,-0.00497323,0.00250008,0.00688805,0.00913434
2026-02-26,0.00009889,-0.00912762,0.00546845,-0.00840867,0.00199984
2026-02-27,0.00009739,0.00500563,-0.00122417,-0.00528093,0.01252163
2026-03-02,0.00028274,0.04582631,-0.00782459,0.01167181,-0.00587165
2026-03-04,0.00019746,0.00093992,0.00228335,0.00369887,0.00195205
2026-03-05,0.00010032,0.01639658,0.01029359,-0.00923683,0.00206569
2026-03-06,0.00010064,0.00108835,0.00177276,0.01123000,-0.00294374
2026-03-09,0.00030197,-0.02691618,0.00559991,0.00562768,-0.02399275
2026-03-10,0.00010162,-0.01064679,0.00146115,0.00538018,0.01255615
2026-03-11,0.00010163,-0.00037885,-0.00870772,0.00424276,0.01391321
2026-03-12,0.00010164,-0.01881747,-0.01224010,0.00235351,-0.01099085
2026-03-13,0.00010165,0.00462260,-0.00218528,-0.00189579,0.01459838
2026-03-16,0.00030882,-0.00664542,-0.00048996,-0.01518696,0.01576675
2026-03-17,0.00010169,0.02021116,0.00437451,-0.00066221,0.00771453
2026-03-18,0.00010301,0.00990970,-0.00358749,0.00313358,0.00480049
2026-03-19,0.00010304,-0.00354343,-0.00522270,-0.00267264,0.00100502
2026-03-20,0.00010307,0.00141542,0.00448267,0.00658712,-0.00062965
2026-03-23,0.00031357,-0.00928911,-0.00707913,-0.00246016,0.01177751
2026-03-24,0.00010462,-0.01280552,0.00386190,0.01136410,0.00181672
2026-03-25,0.00010611,0.00781914,-0.00348592,0.01719018,0.00435186
2026-03-26,0.00010473,-0.00550252,0.00828407,0.00063116,-0.00811651
2026-03-27,0.00010479,-0.03231596,0.00088646,0.01367254,-0.02004793
2026-03-30,0.00031477,-0.02049307,-0.00001722,0.00098913,-0.01248404
2026-03-31,0.00010819,0.01814896,-0.00383640,0.00206014,-0.00736557
2026-04-03,0.00031058,0.01914433,0.00555655,-0.01054756,0.00202529
2026-04-06,0.00031117,0.01141955,-0.00247138,-0.00456500,0.00949951
2026-04-09,0.00031117,0.02132250,-0.01312151,0.01401014,0.03284201
2026-04-10,0.00010159,0.01959676,-0.00152414,0.01363171,0.01475928
2026-04-13,0.00030484,-0.01591476,-0.00087832,0.00453530,-0.01101325
2026-04-14,0.00010281,0.01486810,-0.00511500,0.00146523,0.00785165
2026-04-15,0.00010163,-0.00721967,-0.00001310,0.00159193,-0.00593437
2026-04-16,0.00010285,-0.01159122,-0.00452664,-0.00706731,-0.00509214
2026-04-17,0.00010288,0.01243244,0.00860107,0.00653677,-0.00744170
2026-04-20,0.00030882,0.00291206,0.00699432,-0.01325858,0.00635821
2026-04-23,0.00030510,0.00179744,0.00099781,0.01329374,0.00623167
2026-04-24,0.00010307,-0.01314842,0.00510337,-0.00431868,0.00797516
2026-04-27,0.00030943,0.00023396,-0.00077719,0.01058219,-0.00540774
2026-04-28,0.00010178,-0.00022585,-0.00175148,0.00308315,0.00032794
2026-04-29,0.00010180,0.01440365,-0.00123419,0.00126755,0.00386590
2026-04-30,0.00010181,-0.00080075,-0.00116397,-0.00924403,0.00009651
2026-05-01,0.00010183,0.01098089,0.00326561,-0.00289670,0.00091165
2026-05-04,0.00031019,0.01544472,-0.00946424,0.00556793,-0.01082869
2026-05-05,0.00010190,0.00833772,-0.00479332,0.00789519,0.00272347
2026-05-06,0.00010352,0.00289241,0.01386617,0.01164506,0.01154034
2026-05-07,0.00010194,-0.00139714,0.01430531,0.01217580,0.01402229
2026-05-08,0.00010317,0.00711307,0.00160963,0.00175288,-0.00603735
2026-05-11,0.00030975,-0.00696599,-0.00390099,0.01145536,0.04072258
2026-05-12,0.00010281,-0.00353293,-0.00871195,0.00283526,0.00097202
2026-05-13,0.00010283,-0.01649695,-0.00916178,0.00426016,-0.00202868
2026-05-14,0.00010285,0.00107984,0.00354370,-0.01248743,0.02534918
2026-05-15,0.00010165,-0.02010484,0.00080436,0.00450949,-0.00371434
2026-05-18,0.00030882,-0.01296453,0.00020295,-0.01164912,-0.02952808
2026-05-19,0.00010169,0.00058551,-0.00254690,-0.00280192,-0.01926568
2026-05-20,0.00010039,0.01319400,-0.00225861,-0.00781363,0.02210214
2026-05-25,0.00050204,0.03090592,0.00120155,0.00301641,0.02157725
2026-05-26,0.00010036,-0.00975808,0.00472682,-0.00853181,0.01703873
2026-05-27,0.00010036,0.00351465,0.00959984,-0.01109889,0.00935630
2026-05-28,0.00010035,-0.00576785,0.01172510,-0.01883262,0.00616031
2026-05-29,0.00009739,0.00626816,0.00835500,-0.00754727,0.00302003
2026-06-01,0.00029189,-0.04167313,-0.00172244,-0.01293019,-0.03257662
2026-06-02,0.00009718,0.00279763,-0.00796400,-0.00220785,-0.01155531
2026-06-03,0.00009393,-0.00996812,0.00100570,-0.01190270,-0.01557955
2026-06-04,0.00009545,-0.00337104,0.00479668,0.00049649,-0.00549931
2026-06-05,0.00009453,0.00686075,0.00983976,-0.00083524,0.00476049
2026-06-08,0.00028576,0.00023349,-0.00002625,0.00731706,0.00929033
2026-06-09,0.00009331,-0.01110013,0.00319879,-0.00270391,-0.00494927
2026-06-10,0.00009443,-0.01320728,-0.00233550,-0.01137040,-0.00714207
2026-06-11,0.00009556,0.01856243,-0.00011810,-0.00110429,0.01097134
2026-06-12,0.00009427,0.01968643,0.00102001,-0.00227309,0.01051501
2026-06-15,0.00028235,-0.02849676,0.00206314,-0.01078612,-0.01500601
2026-06-16,0.00009265,-0.01023286,-0.00590784,-0.00181834,-0.00748240
2026-06-17,0.00009254,-0.01491459,-0.00384814,-0.00338628,-0.01236680
2026-06-18,0.00009243,0.00574381,0.00195200,0.00417352,0.01751346
2026-06-19,0.00009367,-0.00591876,0.01037723,-0.00466836,0.00705625
2026-06-22,0.00028045,-0.00644391,-0.01249252,0.00567667,-0.00079100
2026-06-23,0.00009043,-0.00060893,-0.00689525,0.00999925,-0.01015963
2026-06-24,0.00008598,0.00481694,0.00125610,0.01449016,-0.00047275
2026-06-25,0.00008868,-0.01239889,0.00053429,-0.00120705,-0.00448588
2026-06-26,0.00009146,-0.01188352,0.00863387,0.01336556,-0.00174367
2026-06-29,0.00026901,0.00460490,0.01509302,0.00915921,-0.00950309
2026-06-30,0.00009246,0.00810924,0.00067046,-0.01245599,0.00606464
2026-07-01,0.00009074,0.01790698,-0.00735318,0.00679225,-0.01276451
2026-07-02,0.00009220,0.00747766,0.00089083,-0.00332576,0.00420400
2026-07-03,0.00009042,0.00386206,0.00378750,-0.00063474,0.00135792
2026-07-06,0.00026513,0.01047952,-0.00251726,0.00899323,-0.00445362
2026-07-07,0.00008837,-0.01839295,0.00386641,0.00688707,-0.01337394
2026-07-08,0.00008837,-0.00410838,-0.00107082,0.00064323,-0.00062452
2026-07-09,0.00008837,-0.01375808,0.00360505,-0.00993293,-0.00252387
2026-07-10,0.00008799,-0.00076470,-0.00052419,0.00215445,-0.00100755
2026-07-13,0.00026310,-0.00372819,0.00051735,0.00311100,-0.00087305
2026-07-14,0.00008739,0.00182601,0.00258436,-0.01284270,0.01658243
2026-07-15,0.00008963,0.02514294,-0.00686966,0.00091478,0.00638559
2026-07-16,0.00008828,-0.00492243,0.00117008,-0.00247977,0.00266100
2026-07-17,0.00008813,-0.00295807,0.00063502,0.00723848,-0.00222078
2026-07-20,0.00026724,0.00102488,0.00033485,-0.00394435,0.00567373
2026-07-21,0.00008877,0.01041828,-0.00262426,-0.00285831,0.00115904
2026-07-22,0.00008862,0.00451876,-0.00966188,-0.00467075,0.01159378
2026-07-24,0.00017660,0.00477901,-0.00247528,-0.00141597,0.01304496
2026-07-27,0.00026389,-0.01735860,-0.00552077,0.00774313,-0.00930666
2026-07-28,0.00008902,-0.01418966,0.00514595,0.01597832,-0.03561391
2026-07-29,0.00008741,-0.00796850,0.00546596,0.00245209,-0.01234138
2026-07-30,0.00008722,0.00762446,-0.00436984,0.00290610,0.01893406
2026-07-31,0.00008703,0.01377872,0.00162478,-0.00568936,0.00582561
2026-08-03,0.00025987,-0.00996206,-0.00562363,0.00410201,0.00218170
2026-08-04,0.00009089,0.00086534,-0.00566942,-0.00471525,0.00880282
2026-08-05,0.00008755,-0.00540021,-0.00350542,0.00507728,0.00195654
2026-08-06,0.00008896,0.00018210,-0.01166773,0.00005452,-0.00406810
2026-08-07,0.00008895,0.00757037,0.00286551,-0.00030258,-0.00626211
2026-08-10,0.00026588,-0.00729962,0.00269208,-0.00724661,-0.00324081
2026-08-11,0.00008976,-0.00384457,-0.00522667,0.02334395,-0.00910843
2026-08-12,0.00008963,0.00533144,-0.01852578,0.00267035,0.01192589
2026-08-13,0.00008828,0.00627291,0.00818433,-0.00415067,0.00242613
2026-08-14,0.00008935,-0.00337885,0.00522261,0.01052667,-0.01344404
2026-08-17,0.00026724,-0.01332240,-0.00113652,-0.00780079,0.00043646
2026-08-18,0.00009006,0.00551240,-0.00296287,0.01081220,-0.02096293
2026-08-19,0.00008993,0.00164148,-0.00232784,0.01673687,-0.02128762
2026-08-20,0.00008978,-0.00068687,-0.00173906,0.00048460,0.01003517
2026-08-21,0.00008964,0.00502540,0.00246840,0.00398708,-0.00459299
2026-08-24,0.00026389,-0.00992645,-0.00455749,0.01390538,-0.00970971
2026-08-25,0.00008902,0.00422377,0.00279432,-0.00875746,0.00903730
2026-08-26,0.00008741,0.00358931,0.00109449,0.00272697,-0.00039968
2026-08-27,0.00008868,0.01144765,0.00002684,-0.00265850,-0.00157266
2026-08-28,0.00008850,-0.00229477,0.01101255,0.00254762,-0.00374774
2026-08-31,0.00026901,-0.00566471,-0.00176593,0.00496004,-0.00525245
2026-09-01,0.00008932,0.01071967,0.00878234,0.00665223,-0.01681492
2026-09-02,0.00008595,0.00733370,0.00441038,0.01421150,0.00538623
2026-09-03,0.00008409,0.00631701,-0.00170506,0.01373454,-0.00113146
2026-09-04,0.00008560,0.00622582,-0.00184085,-0.00260228,0.00657381
2026-09-07,0.00025379,0.00595479,-0.00299914,-0.00290317,0.01139191
2026-09-08,0.00008502,-0.01030993,0.00298888,-0.00591460,0.01051948
2026-09-09,0.00008483,-0.00157399,-0.00347505,0.00125862,-0.00182849
2026-09-10,0.00008464,-0.01208942,-0.00342975,-0.00374205,-0.00614224
2026-09-14,0.00033781,0.00587942,0.00015198,0.00193903,-0.00697456
2026-09-15,0.00008490,-0.00756201,-0.00238491,0.01096320,-0.01416766
2026-09-16,0.00008469,0.00949140,-0.00249093,0.00102336,0.00280197
2026-09-17,0.00008581,0.00743393,-0.00338665,-0.01159539,0.01510889
2026-09-22,0.00042142,-0.00220255,0.00055000,-0.00383894,0.00424365
2026-09-23,0.00008454,-0.00034659,0.00430582,-0.00473256,0.01313315
2026-09-24,0.00008285,-0.01152426,0.00136396,0.00084006,-0.00123845
2026-09-28,0.00032447,-0.00876676,-0.00394751,-0.00114071,0.02291390
2026-09-29,0.00008304,0.00571780,0.00261349,-0.00103690,-0.00135884
2026-09-30,0.00008276,-0.00297331,0.00932586,-0.01051336,0.01162593
